loan_id,user_id,loan_amount,status,created_at
L00001,U0350,3600000.0,rejected,2023-11-02
L00002,U0498,17200000.0,defaulted,2023-10-17
L00003,U0197,17700000.0,rejected,2024-09-09
L00004,U0232,1600000.0,approved,2023-09-21
L00005,U0141,4700000.0,defaulted,2024-03-09
L00006,U0159,16800000.0,defaulted,2024-12-30
L00007,U0080,16900000.0,defaulted,2023-10-11
L00008,U0303,5700000.0,rejected,2024-08-09
L00009,U0104,9700000.0,approved,2023-04-23
L00010,U0520,18400000.0,approved,2023-06-04
L00011,U0553,14400000.0,approved,2024-04-12
L00012,U0540,6200000.0,approved,2024-01-31
L00013,U0039,16600000.0,approved,2023-11-08
L00014,U0345,10600000.0,approved,2024-01-24
L00015,U0135,13100000.0,defaulted,2023-02-01
L00016,U0386,3400000.0,defaulted,2023-02-05
L00017,U0158,1600000.0,approved,2023-01-31
L00018,U0167,8100000.0,approved,2023-04-17
L00019,U0186,12300000.0,rejected,2024-07-08
L00020,U0170,4400000.0,defaulted,2023-09-16
L00021,U0449,17500000.0,approved,2024-09-16
L00022,U0045,12200000.0,defaulted,2024-01-03
L00023,U0421,7600000.0,defaulted,2024-02-08
L00024,U0374,4100000.0,approved,2023-12-21
L00025,U0244,18000000.0,approved,2023-04-26
L00026,U0455,15200000.0,approved,2024-04-15
L00027,U0292,14100000.0,defaulted,2024-11-24
L00028,U0460,6400000.0,approved,2024-02-05
L00029,U0240,8300000.0,rejected,2023-04-19
L00030,U0547,4100000.0,approved,2023-09-12
L00031,U0245,11900000.0,approved,2024-12-24
L00032,U0317,19300000.0,rejected,2024-04-21
L00033,U0481,17300000.0,approved,2023-09-05
L00034,U0199,13300000.0,defaulted,2023-05-07
L00035,U0377,13900000.0,approved,2023-11-02
L00036,U0452,6100000.0,defaulted,2024-04-23
L00037,U0473,8800000.0,approved,2024-07-28
L00038,U0289,1400000.0,approved,2024-10-16
L00039,U0392,15800000.0,defaulted,2023-08-21
L00040,U0515,15600000.0,approved,2024-04-06
L00041,U0541,1200000.0,rejected,2023-09-19
L00042,U0429,18300000.0,approved,2024-01-30
L00043,U0166,13300000.0,approved,2024-10-05
L00044,U0205,12400000.0,approved,2024-01-31
L00045,U0142,1200000.0,approved,2024-02-18
L00046,U0257,5800000.0,approved,2024-01-16
L00047,U0054,16300000.0,rejected,2024-07-04
L00048,U0493,6800000.0,approved,2024-03-13
L00049,U0381,19400000.0,rejected,2023-08-21
L00050,U0106,13200000.0,approved,2024-01-04
L00051,U0529,9100000.0,approved,2024-09-25
L00052,U0128,8200000.0,rejected,2023-01-13
L00053,U0292,7600000.0,defaulted,2023-10-14
L00054,U0086,5800000.0,approved,2023-09-15
L00055,U0165,9900000.0,approved,2024-06-07
L00056,U0280,13900000.0,defaulted,2023-03-27
L00057,U0461,16700000.0,approved,2023-11-20
L00058,U0526,8500000.0,rejected,2024-03-29
L00059,U0151,2900000.0,rejected,2023-08-27
L00060,U0448,10700000.0,rejected,2024-09-10
L00061,U0094,13600000.0,defaulted,2024-11-29
L00062,U0228,17000000.0,approved,2024-07-17
L00063,U0462,8100000.0,approved,2024-11-08
L00064,U0358,13300000.0,approved,2024-06-18
L00065,U0028,12600000.0,approved,2024-05-03
L00066,U0425,6700000.0,approved,2023-01-21
L00067,U0055,3100000.0,approved,2024-04-08
L00068,U0406,2200000.0,approved,2024-01-04
L00069,U0515,19800000.0,defaulted,2023-07-26
L00070,U0383,13200000.0,approved,2024-05-24
L00071,U0242,17400000.0,approved,2024-08-31
L00072,U0396,6000000.0,rejected,2024-08-25
L00073,U0084,14500000.0,approved,2024-03-25
L00074,U0384,18000000.0,rejected,2024-03-24
L00075,U0230,6700000.0,approved,2023-06-26
L00076,U0029,3800000.0,rejected,2024-07-14
L00077,U0327,15500000.0,approved,2023-02-09
L00078,U0102,18100000.0,approved,2024-03-29
L00079,U0344,16300000.0,approved,2024-01-09
L00080,U0150,16200000.0,rejected,2023-05-13
L00081,U0141,12400000.0,approved,2024-02-12
L00082,U0040,13600000.0,approved,2024-05-03
L00083,U0294,13900000.0,approved,2024-07-14
L00084,U0484,14700000.0,approved,2024-04-26
L00085,U0143,13500000.0,approved,2024-08-24
L00086,U0481,20000000.0,approved,2024-10-15
L00087,U0460,5900000.0,defaulted,2023-10-23
L00088,U0006,9000000.0,rejected,2023-04-25
L00089,U0082,8400000.0,approved,2024-09-30
L00090,U0020,1700000.0,rejected,2024-06-12
L00091,U0263,14500000.0,rejected,2023-07-08
L00092,U0221,11900000.0,approved,2023-01-25
L00093,U0154,4600000.0,defaulted,2024-03-20
L00094,U0541,14800000.0,approved,2024-06-28
L00095,U0434,5200000.0,approved,2023-03-27
L00096,U0114,11200000.0,approved,2023-05-29
L00097,U0296,15900000.0,approved,2023-01-15
L00098,U0244,18200000.0,approved,2023-12-09
L00099,U0309,13800000.0,defaulted,2023-09-01
L00100,U0125,10600000.0,approved,2023-11-22
L00101,U0049,17100000.0,approved,2023-04-28
L00102,U0245,17000000.0,approved,2023-11-17
L00103,U0430,17700000.0,rejected,2024-06-20
L00104,U0469,4400000.0,rejected,2023-06-08
L00105,U0065,2900000.0,approved,2023-11-15
L00106,U0114,3400000.0,rejected,2024-01-25
L00107,U0512,5900000.0,defaulted,2024-08-24
L00108,U0549,16400000.0,approved,2024-04-19
L00109,U0017,15500000.0,approved,2024-12-15
L00110,U0528,4500000.0,approved,2024-01-02
L00111,U0248,13900000.0,defaulted,2024-11-08
L00112,U0148,7400000.0,approved,2024-10-20
L00113,U0299,2700000.0,approved,2024-07-25
L00114,U0440,7800000.0,rejected,2024-07-18
L00115,U0002,15100000.0,approved,2023-02-18
L00116,U0362,6800000.0,defaulted,2024-07-02
L00117,U0247,16000000.0,approved,2023-04-18
L00118,U0427,7300000.0,approved,2024-02-07
L00119,U0192,6000000.0,defaulted,2023-06-11
L00120,U0088,6600000.0,defaulted,2024-03-11
L00121,U0537,17200000.0,approved,2023-09-10
L00122,U0370,9900000.0,approved,2024-05-29
L00123,U0070,17500000.0,approved,2024-01-07
L00124,U0539,12100000.0,approved,2024-02-13
L00125,U0520,18900000.0,approved,2023-10-20
L00126,U0520,2400000.0,approved,2023-09-01
L00127,U0021,17900000.0,approved,2023-05-15
L00128,U0400,10500000.0,defaulted,2023-12-24
L00129,U0482,17500000.0,approved,2024-12-09
L00130,U0045,8300000.0,rejected,2024-02-19
L00131,U0397,6700000.0,approved,2023-09-23
L00132,U0383,2000000.0,approved,2024-02-29
L00133,U0260,17200000.0,approved,2023-10-03
L00134,U0017,3600000.0,approved,2024-06-08
L00135,U0366,4800000.0,approved,2024-08-22
L00136,U0070,8800000.0,rejected,2024-11-04
L00137,U0354,11800000.0,approved,2024-07-13
L00138,U0247,18200000.0,defaulted,2024-06-12
L00139,U0107,9700000.0,approved,2024-05-14
L00140,U0341,7000000.0,approved,2024-09-16
L00141,U0137,14600000.0,defaulted,2024-06-22
L00142,U0046,15800000.0,approved,2023-07-25
L00143,U0361,10300000.0,defaulted,2024-04-18
L00144,U0347,13000000.0,rejected,2024-01-12
L00145,U0180,4400000.0,rejected,2023-05-30
L00146,U0476,13100000.0,defaulted,2023-07-11
L00147,U0491,1100000.0,approved,2023-08-05
L00148,U0187,6200000.0,approved,2024-03-09
L00149,U0139,15500000.0,rejected,2023-08-20
L00150,U0065,4200000.0,approved,2023-06-24
L00151,U0469,15500000.0,approved,2023-08-20
L00152,U0038,10300000.0,defaulted,2024-08-21
L00153,U0301,15500000.0,rejected,2023-08-13
L00154,U0207,2700000.0,approved,2024-07-01
L00155,U0045,12700000.0,defaulted,2023-06-10
L00156,U0205,13000000.0,defaulted,2024-06-20
L00157,U0043,8700000.0,approved,2024-07-01
L00158,U0324,19300000.0,approved,2024-01-15
L00159,U0318,8300000.0,approved,2023-09-04
L00160,U0528,1700000.0,defaulted,2024-01-08
L00161,U0408,4800000.0,approved,2023-09-28
L00162,U0485,8100000.0,approved,2024-03-11
L00163,U0260,1300000.0,approved,2024-12-26
L00164,U0038,7100000.0,defaulted,2024-12-26
L00165,U0196,16800000.0,approved,2024-09-09
L00166,U0293,4600000.0,rejected,2024-07-14
L00167,U0366,13900000.0,defaulted,2023-08-01
L00168,U0049,12900000.0,approved,2023-08-12
L00169,U0340,5700000.0,approved,2023-04-05
L00170,U0280,14200000.0,rejected,2024-03-21
L00171,U0128,7500000.0,defaulted,2024-06-09
L00172,U0377,3400000.0,defaulted,2024-02-26
L00173,U0448,8300000.0,approved,2023-10-22
L00174,U0410,12200000.0,approved,2024-11-26
L00175,U0451,4200000.0,approved,2023-11-03
L00176,U0396,16700000.0,approved,2024-09-27
L00177,U0348,6700000.0,approved,2023-09-26
L00178,U0192,6500000.0,rejected,2024-08-23
L00179,U0509,14800000.0,rejected,2024-09-16
L00180,U0510,12300000.0,defaulted,2023-04-24
L00181,U0377,7400000.0,approved,2023-08-14
L00182,U0532,17900000.0,approved,2023-02-02
L00183,U0274,19900000.0,approved,2023-08-12
L00184,U0085,7500000.0,rejected,2024-07-08
L00185,U0435,18100000.0,approved,2023-03-03
L00186,U0081,7800000.0,approved,2023-09-27
L00187,U0441,4600000.0,approved,2024-12-18
L00188,U0185,19000000.0,rejected,2023-12-10
L00189,U0301,18400000.0,approved,2024-05-24
L00190,U0329,8700000.0,approved,2023-07-19
L00191,U0106,5300000.0,approved,2024-08-03
L00192,U0082,14800000.0,approved,2024-01-08
L00193,U0336,3500000.0,approved,2023-06-16
L00194,U0303,14900000.0,approved,2023-06-06
L00195,U0314,12200000.0,rejected,2024-10-05
L00196,U0457,4200000.0,approved,2024-02-23
L00197,U0437,8000000.0,defaulted,2023-07-30
L00198,U0171,13400000.0,approved,2024-12-25
L00199,U0455,1700000.0,defaulted,2024-03-12
L00200,U0360,17700000.0,rejected,2024-06-24
L00201,U0458,5900000.0,approved,2023-07-30
L00202,U0044,11200000.0,approved,2023-04-17
L00203,U0362,1900000.0,approved,2023-03-26
L00204,U0446,19900000.0,rejected,2024-04-23
L00205,U0282,13600000.0,approved,2024-07-29
L00206,U0059,13400000.0,approved,2024-03-31
L00207,U0077,1400000.0,rejected,2023-07-05
L00208,U0416,14100000.0,defaulted,2023-07-08
L00209,U0373,8900000.0,approved,2023-02-09
L00210,U0526,8200000.0,approved,2024-06-04
L00211,U0164,11400000.0,defaulted,2024-12-04
L00212,U0032,10000000.0,approved,2024-02-17
L00213,U0147,3900000.0,defaulted,2023-06-25
L00214,U0449,14200000.0,approved,2024-05-10
L00215,U0036,13000000.0,defaulted,2023-06-30
L00216,U0130,6700000.0,defaulted,2023-02-10
L00217,U0069,13600000.0,approved,2023-03-19
L00218,U0242,13600000.0,approved,2023-11-18
L00219,U0376,6100000.0,approved,2023-09-14
L00220,U0371,12500000.0,approved,2024-07-11
L00221,U0393,3600000.0,defaulted,2024-01-02
L00222,U0034,16800000.0,defaulted,2023-03-20
L00223,U0158,3000000.0,approved,2024-06-13
L00224,U0461,14700000.0,approved,2024-08-21
L00225,U0380,3200000.0,defaulted,2023-04-17
L00226,U0381,3200000.0,approved,2023-01-05
L00227,U0455,3000000.0,approved,2024-03-03
L00228,U0079,4800000.0,rejected,2024-12-22
L00229,U0141,4800000.0,approved,2023-05-03
L00230,U0543,6000000.0,rejected,2023-11-13
L00231,U0376,10900000.0,approved,2024-05-22
L00232,U0408,4800000.0,defaulted,2024-12-27
L00233,U0322,14400000.0,rejected,2024-11-15
L00234,U0286,6600000.0,defaulted,2024-11-13
L00235,U0256,1700000.0,approved,2024-01-05
L00236,U0117,10400000.0,rejected,2024-01-06
L00237,U0027,4900000.0,defaulted,2024-05-20
L00238,U0191,18700000.0,rejected,2023-06-04
L00239,U0512,7300000.0,approved,2024-08-10
L00240,U0531,1100000.0,rejected,2023-08-12
L00241,U0397,13800000.0,rejected,2023-09-07
L00242,U0121,18200000.0,approved,2023-08-10
L00243,U0269,16900000.0,approved,2024-05-16
L00244,U0267,13700000.0,approved,2023-02-15
L00245,U0457,3800000.0,defaulted,2024-12-06
L00246,U0220,2700000.0,approved,2024-08-20
L00247,U0293,10700000.0,defaulted,2023-03-11
L00248,U0503,14700000.0,defaulted,2024-05-21
L00249,U0205,2900000.0,defaulted,2024-03-21
L00250,U0126,5900000.0,approved,2023-06-30
L00251,U0139,5400000.0,approved,2024-02-20
L00252,U0076,19800000.0,approved,2024-07-27
L00253,U0463,6600000.0,defaulted,2024-07-15
L00254,U0177,9800000.0,approved,2024-10-22
L00255,U0456,2900000.0,approved,2024-12-28
L00256,U0090,4300000.0,defaulted,2023-01-29
L00257,U0328,1700000.0,rejected,2024-12-10
L00258,U0356,6500000.0,approved,2024-12-16
L00259,U0067,16200000.0,approved,2023-05-16
L00260,U0298,6900000.0,approved,2023-11-21
L00261,U0308,15000000.0,approved,2024-11-16
L00262,U0162,2800000.0,approved,2024-10-12
L00263,U0179,15400000.0,approved,2023-05-17
L00264,U0371,1900000.0,approved,2024-12-26
L00265,U0521,17200000.0,approved,2024-12-15
L00266,U0230,13600000.0,approved,2023-01-29
L00267,U0125,4200000.0,rejected,2024-10-11
L00268,U0206,7800000.0,defaulted,2023-11-05
L00269,U0143,9300000.0,rejected,2024-09-04
L00270,U0243,12800000.0,rejected,2024-01-20
L00271,U0506,17700000.0,defaulted,2023-05-25
L00272,U0027,2800000.0,defaulted,2024-12-28
L00273,U0370,16500000.0,approved,2024-08-04
L00274,U0378,4500000.0,rejected,2024-11-08
L00275,U0479,8600000.0,approved,2024-12-20
L00276,U0133,19300000.0,defaulted,2023-08-13
L00277,U0089,6200000.0,rejected,2024-11-11
L00278,U0068,8300000.0,approved,2023-01-30
L00279,U0317,17200000.0,rejected,2023-01-08
L00280,U0408,16200000.0,rejected,2023-08-20
L00281,U0491,13300000.0,defaulted,2024-03-17
L00282,U0539,16100000.0,approved,2024-04-13
L00283,U0421,3100000.0,approved,2023-03-25
L00284,U0420,14200000.0,rejected,2024-12-22
L00285,U0076,2100000.0,defaulted,2023-09-18
L00286,U0129,18900000.0,rejected,2023-08-10
L00287,U0325,4000000.0,approved,2023-12-19
L00288,U0076,8900000.0,approved,2024-05-13
L00289,U0461,12200000.0,rejected,2024-02-26
L00290,U0478,16200000.0,defaulted,2024-02-12
L00291,U0530,13900000.0,approved,2024-01-19
L00292,U0353,4400000.0,approved,2024-11-21
L00293,U0132,8200000.0,approved,2024-12-30
L00294,U0187,7800000.0,defaulted,2023-04-15
L00295,U0133,1500000.0,approved,2024-10-23
L00296,U0444,14000000.0,approved,2024-01-27
L00297,U0515,16900000.0,approved,2023-12-30
L00298,U0057,19500000.0,rejected,2023-07-31
L00299,U0128,3500000.0,approved,2023-05-30
L00300,U0531,18500000.0,approved,2024-09-20
L00301,U0157,3100000.0,approved,2023-03-29
L00302,U0312,8800000.0,rejected,2023-09-14
L00303,U0169,1900000.0,defaulted,2023-05-07
L00304,U0166,6000000.0,approved,2024-07-21
L00305,U0331,7000000.0,approved,2023-12-23
L00306,U0231,14400000.0,approved,2024-05-18
L00307,U0355,13900000.0,defaulted,2023-07-19
L00308,U0532,15600000.0,approved,2024-07-12
L00309,U0291,12000000.0,defaulted,2023-05-25
L00310,U0081,11700000.0,rejected,2023-01-11
L00311,U0257,19600000.0,defaulted,2024-07-26
L00312,U0202,13700000.0,approved,2023-09-19
L00313,U0282,7400000.0,approved,2024-09-06
L00314,U0129,10900000.0,approved,2023-08-18
L00315,U0311,14300000.0,approved,2024-03-17
L00316,U0547,2800000.0,approved,2024-06-07
L00317,U0096,13600000.0,rejected,2024-08-11
L00318,U0515,5700000.0,approved,2023-05-31
L00319,U0173,7600000.0,defaulted,2023-05-17
L00320,U0158,13800000.0,rejected,2024-04-19
L00321,U0176,8300000.0,defaulted,2024-10-26
L00322,U0346,16900000.0,approved,2024-05-11
L00323,U0043,11600000.0,defaulted,2024-11-27
L00324,U0030,19800000.0,rejected,2023-11-11
L00325,U0084,2000000.0,approved,2024-10-04
L00326,U0047,13200000.0,approved,2023-11-29
L00327,U0272,4000000.0,rejected,2024-02-05
L00328,U0216,17100000.0,approved,2023-09-12
L00329,U0427,17200000.0,approved,2023-03-09
L00330,U0032,17500000.0,rejected,2023-11-08
L00331,U0510,2400000.0,defaulted,2024-06-03
L00332,U0297,10300000.0,defaulted,2023-03-16
L00333,U0310,5600000.0,approved,2023-05-24
L00334,U0495,19400000.0,approved,2023-04-20
L00335,U0251,2000000.0,rejected,2024-01-06
L00336,U0416,5200000.0,rejected,2023-09-09
L00337,U0305,13200000.0,approved,2024-12-27
L00338,U0465,8700000.0,approved,2023-07-12
L00339,U0075,5500000.0,rejected,2023-01-06
L00340,U0062,9700000.0,approved,2023-07-22
L00341,U0162,16200000.0,defaulted,2023-10-25
L00342,U0451,9500000.0,approved,2023-07-02
L00343,U0426,17300000.0,defaulted,2023-12-13
L00344,U0496,9500000.0,rejected,2024-08-08
L00345,U0476,3300000.0,approved,2023-07-27
L00346,U0209,10500000.0,approved,2023-09-14
L00347,U0349,13400000.0,rejected,2023-08-23
L00348,U0148,3000000.0,approved,2024-03-28
L00349,U0321,8800000.0,approved,2024-07-15
L00350,U0327,11600000.0,defaulted,2024-03-20
L00351,U0354,1000000.0,defaulted,2023-01-09
L00352,U0409,2700000.0,approved,2023-07-23
L00353,U0134,12500000.0,approved,2024-05-22
L00354,U0380,12800000.0,approved,2023-10-07
L00355,U0528,6800000.0,approved,2024-06-22
L00356,U0109,10700000.0,defaulted,2023-07-03
L00357,U0327,4900000.0,rejected,2023-02-18
L00358,U0248,13800000.0,defaulted,2024-06-02
L00359,U0478,19100000.0,approved,2023-04-02
L00360,U0126,7900000.0,approved,2023-12-28
L00361,U0274,2000000.0,defaulted,2023-08-27
L00362,U0461,5200000.0,defaulted,2023-05-05
L00363,U0254,9600000.0,approved,2023-11-11
L00364,U0145,11600000.0,approved,2024-06-16
L00365,U0100,12800000.0,defaulted,2024-01-26
L00366,U0052,10000000.0,approved,2024-12-17
L00367,U0298,13500000.0,approved,2024-11-26
L00368,U0394,14600000.0,approved,2024-11-20
L00369,U0429,3200000.0,approved,2024-06-30
L00370,U0255,15400000.0,approved,2024-08-20
L00371,U0164,5200000.0,approved,2023-08-30
L00372,U0336,7500000.0,rejected,2024-06-20
L00373,U0321,16800000.0,approved,2023-04-02
L00374,U0195,19300000.0,rejected,2024-05-11
L00375,U0164,6500000.0,approved,2024-12-12
L00376,U0511,10900000.0,approved,2023-08-18
L00377,U0528,14300000.0,defaulted,2023-10-13
L00378,U0479,1900000.0,approved,2024-04-22
L00379,U0511,4100000.0,approved,2023-06-21
L00380,U0316,3700000.0,rejected,2023-06-20
L00381,U0510,14600000.0,defaulted,2023-04-14
L00382,U0024,14700000.0,approved,2024-01-07
L00383,U0093,3000000.0,defaulted,2023-04-29
L00384,U0403,12600000.0,rejected,2023-12-20
L00385,U0518,4600000.0,approved,2024-08-03
L00386,U0469,18700000.0,approved,2024-04-15
L00387,U0247,8500000.0,rejected,2023-10-18
L00388,U0221,9700000.0,approved,2023-11-19
L00389,U0362,15800000.0,approved,2024-06-29
L00390,U0050,14600000.0,defaulted,2024-03-02
L00391,U0052,3000000.0,approved,2024-12-09
L00392,U0289,8900000.0,rejected,2024-01-01
L00393,U0507,18600000.0,approved,2024-08-11
L00394,U0482,16900000.0,defaulted,2024-02-22
L00395,U0293,12200000.0,approved,2024-09-14
L00396,U0550,15700000.0,approved,2024-05-30
L00397,U0009,9600000.0,approved,2024-10-03
L00398,U0111,13500000.0,approved,2023-06-19
L00399,U0442,19200000.0,defaulted,2024-08-14
L00400,U0138,3600000.0,approved,2023-07-12
L00401,U0271,10500000.0,approved,2024-06-12
L00402,U0375,11100000.0,approved,2024-08-09
L00403,U0413,1900000.0,rejected,2024-04-07
L00404,U0375,18800000.0,approved,2024-11-09
L00405,U0047,16900000.0,approved,2024-09-03
L00406,U0411,10200000.0,defaulted,2023-03-05
L00407,U0053,10700000.0,approved,2024-02-13
L00408,U0200,18500000.0,rejected,2023-12-13
L00409,U0372,4400000.0,approved,2024-02-15
L00410,U0296,12000000.0,rejected,2024-06-30
L00411,U0076,14900000.0,rejected,2023-10-09
L00412,U0396,3400000.0,defaulted,2023-03-02
L00413,U0517,8400000.0,approved,2024-12-13
L00414,U0462,12400000.0,rejected,2024-03-14
L00415,U0287,17800000.0,approved,2023-03-29
L00416,U0122,10600000.0,approved,2023-02-17
L00417,U0132,8300000.0,rejected,2024-10-05
L00418,U0100,19600000.0,defaulted,2024-03-01
L00419,U0404,18400000.0,defaulted,2024-12-02
L00420,U0383,15500000.0,approved,2024-01-28
L00421,U0348,6200000.0,approved,2023-06-07
L00422,U0375,19300000.0,approved,2024-03-20
L00423,U0148,19400000.0,approved,2024-02-21
L00424,U0204,9600000.0,approved,2023-04-27
L00425,U0522,3500000.0,defaulted,2023-05-08
L00426,U0412,8800000.0,approved,2023-09-12
L00427,U0513,14300000.0,approved,2024-10-25
L00428,U0042,15200000.0,rejected,2024-02-09
L00429,U0047,6700000.0,approved,2023-12-10
L00430,U0040,14300000.0,approved,2023-04-01
L00431,U0141,17400000.0,rejected,2024-06-12
L00432,U0342,14500000.0,defaulted,2023-06-09
L00433,U0486,18800000.0,defaulted,2024-07-10
L00434,U0532,13000000.0,approved,2024-03-28
L00435,U0468,4800000.0,approved,2024-01-15
L00436,U0153,12900000.0,approved,2023-03-12
L00437,U0528,6500000.0,approved,2024-11-29
L00438,U0144,7600000.0,approved,2024-02-01
L00439,U0336,13800000.0,defaulted,2023-12-13
L00440,U0327,19600000.0,rejected,2024-09-20
L00441,U0167,13400000.0,approved,2023-02-13
L00442,U0403,19200000.0,rejected,2023-12-19
L00443,U0307,10600000.0,defaulted,2023-04-13
L00444,U0345,14200000.0,defaulted,2024-02-03
L00445,U0520,7100000.0,approved,2023-11-19
L00446,U0522,3200000.0,defaulted,2023-12-21
L00447,U0546,7700000.0,approved,2024-03-14
L00448,U0502,10100000.0,approved,2023-02-14
L00449,U0307,11800000.0,rejected,2024-03-10
L00450,U0487,13700000.0,defaulted,2023-12-26
L00451,U0018,8900000.0,approved,2024-06-06
L00452,U0378,15200000.0,approved,2024-09-18
L00453,U0340,17000000.0,approved,2023-08-28
L00454,U0113,6400000.0,rejected,2024-07-15
L00455,U0427,17100000.0,defaulted,2023-01-17
L00456,U0316,16400000.0,defaulted,2023-11-04
L00457,U0028,10900000.0,approved,2023-07-17
L00458,U0486,1500000.0,approved,2024-09-26
L00459,U0272,3800000.0,approved,2023-01-03
L00460,U0234,13700000.0,approved,2024-08-02
L00461,U0053,4800000.0,approved,2023-06-19
L00462,U0492,15300000.0,approved,2024-03-25
L00463,U0175,4100000.0,approved,2023-02-26
L00464,U0537,6400000.0,defaulted,2023-02-05
L00465,U0390,5800000.0,approved,2023-11-26
L00466,U0152,16900000.0,approved,2023-09-25
L00467,U0249,14100000.0,defaulted,2024-06-28
L00468,U0033,6600000.0,defaulted,2023-02-19
L00469,U0113,15300000.0,approved,2024-02-25
L00470,U0196,1600000.0,approved,2023-02-16
L00471,U0020,16500000.0,defaulted,2024-12-26
L00472,U0452,2900000.0,defaulted,2024-11-25
L00473,U0322,17500000.0,rejected,2023-02-23
L00474,U0429,15100000.0,approved,2024-12-26
L00475,U0156,17400000.0,approved,2024-01-02
L00476,U0423,15100000.0,defaulted,2023-01-25
L00477,U0209,11700000.0,approved,2023-08-11
L00478,U0421,5500000.0,defaulted,2023-11-14
L00479,U0514,15900000.0,approved,2023-05-20
L00480,U0483,16200000.0,approved,2024-08-20
L00481,U0064,6500000.0,approved,2023-04-16
L00482,U0142,13600000.0,rejected,2024-08-17
L00483,U0532,18600000.0,defaulted,2024-05-13
L00484,U0213,8400000.0,approved,2024-07-20
L00485,U0333,19200000.0,defaulted,2024-05-16
L00486,U0490,19500000.0,rejected,2023-11-23
L00487,U0539,6900000.0,approved,2023-10-18
L00488,U0386,11500000.0,defaulted,2024-11-23
L00489,U0322,1200000.0,approved,2023-10-25
L00490,U0178,5800000.0,approved,2023-12-15
L00491,U0471,12800000.0,rejected,2024-11-06
L00492,U0546,15800000.0,defaulted,2024-12-13
L00493,U0351,17500000.0,approved,2024-12-05
L00494,U0363,16800000.0,approved,2023-10-21
L00495,U0271,18300000.0,approved,2023-10-19
L00496,U0496,14400000.0,defaulted,2023-03-04
L00497,U0197,13300000.0,approved,2024-06-14
L00498,U0253,15300000.0,defaulted,2024-05-29
L00499,U0286,11400000.0,approved,2024-11-10
L00500,U0306,12500000.0,approved,2024-02-23
L00501,U0231,15700000.0,defaulted,2023-04-14
L00502,U0305,19300000.0,rejected,2024-05-22
L00503,U0296,6600000.0,approved,2024-10-30
L00504,U0213,4400000.0,approved,2023-09-28
L00505,U0501,14000000.0,approved,2023-04-03
L00506,U0325,4600000.0,approved,2023-05-19
L00507,U0492,4300000.0,rejected,2024-02-22
L00508,U0358,10800000.0,approved,2023-11-02
L00509,U0281,8200000.0,rejected,2024-02-15
L00510,U0295,9100000.0,approved,2023-04-09
L00511,U0125,11600000.0,approved,2024-07-19
L00512,U0389,3500000.0,approved,2023-06-22
L00513,U0405,12100000.0,defaulted,2024-10-10
L00514,U0354,5800000.0,defaulted,2023-01-03
L00515,U0150,7300000.0,rejected,2024-08-10
L00516,U0298,14500000.0,approved,2023-01-18
L00517,U0044,3900000.0,approved,2023-08-20
L00518,U0295,3900000.0,defaulted,2023-12-26
L00519,U0081,7100000.0,approved,2024-06-07
L00520,U0355,2000000.0,approved,2024-07-12
L00521,U0453,18700000.0,rejected,2024-02-27
L00522,U0263,12700000.0,approved,2023-11-26
L00523,U0491,13600000.0,approved,2024-02-18
L00524,U0220,10300000.0,approved,2023-10-22
L00525,U0207,11900000.0,rejected,2024-10-01
L00526,U0552,7800000.0,defaulted,2023-06-28
L00527,U0278,15900000.0,defaulted,2023-07-12
L00528,U0279,7000000.0,defaulted,2023-12-24
L00529,U0141,5200000.0,defaulted,2023-09-26
L00530,U0112,4500000.0,approved,2023-05-01
L00531,U0246,2300000.0,rejected,2023-08-03
L00532,U0249,10600000.0,rejected,2023-05-27
L00533,U0052,8900000.0,approved,2024-12-29
L00534,U0544,11200000.0,rejected,2024-11-10
L00535,U0232,2700000.0,approved,2024-07-17
L00536,U0239,5200000.0,rejected,2024-08-17
L00537,U0054,5100000.0,approved,2023-03-29
L00538,U0103,7300000.0,rejected,2023-01-26
L00539,U0424,7900000.0,approved,2024-09-20
L00540,U0339,5200000.0,defaulted,2024-05-27
L00541,U0484,15300000.0,defaulted,2023-11-22
L00542,U0103,11100000.0,approved,2024-04-22
L00543,U0141,19900000.0,approved,2024-08-18
L00544,U0006,16700000.0,approved,2024-12-28
L00545,U0162,19600000.0,rejected,2024-11-17
L00546,U0417,1200000.0,approved,2024-11-21
L00547,U0488,13700000.0,approved,2023-01-13
L00548,U0489,9500000.0,approved,2023-07-06
L00549,U0205,18200000.0,approved,2023-06-10
L00550,U0295,12700000.0,rejected,2023-02-22
L00551,U0329,12800000.0,approved,2023-03-20
L00552,U0293,19200000.0,approved,2024-04-06
L00553,U0061,14000000.0,defaulted,2023-01-27
L00554,U0092,7100000.0,approved,2023-12-13
L00555,U0238,18400000.0,approved,2024-04-09
L00556,U0548,19000000.0,approved,2024-06-05
L00557,U0039,8300000.0,defaulted,2024-06-30
L00558,U0180,11300000.0,rejected,2024-11-08
L00559,U0428,6400000.0,approved,2023-02-07
L00560,U0181,18300000.0,approved,2023-07-10
L00561,U0038,16600000.0,approved,2024-07-29
L00562,U0407,8100000.0,approved,2023-02-04
L00563,U0508,16300000.0,defaulted,2023-11-09
L00564,U0191,9500000.0,rejected,2023-12-07
L00565,U0297,1800000.0,approved,2023-07-02
L00566,U0039,18100000.0,approved,2024-02-24
L00567,U0010,4700000.0,defaulted,2023-06-18
L00568,U0306,10800000.0,approved,2024-08-08
L00569,U0110,19000000.0,approved,2024-11-01
L00570,U0344,4200000.0,approved,2024-08-25
L00571,U0292,19200000.0,defaulted,2023-02-13
L00572,U0466,11200000.0,rejected,2023-04-19
L00573,U0537,1100000.0,defaulted,2024-01-27
L00574,U0506,2200000.0,approved,2023-08-13
L00575,U0138,13700000.0,approved,2023-07-01
L00576,U0517,15700000.0,defaulted,2024-09-25
L00577,U0480,17400000.0,rejected,2024-12-12
L00578,U0280,9100000.0,approved,2024-07-22
L00579,U0198,3000000.0,defaulted,2024-03-23
L00580,U0116,11200000.0,approved,2023-09-05
L00581,U0339,14400000.0,approved,2024-03-24
L00582,U0167,19500000.0,defaulted,2024-04-09
L00583,U0470,15700000.0,rejected,2024-08-23
L00584,U0264,13300000.0,approved,2024-06-06
L00585,U0191,18900000.0,rejected,2024-09-27
L00586,U0015,15200000.0,approved,2023-09-07
L00587,U0346,3900000.0,approved,2023-07-04
L00588,U0303,9700000.0,approved,2023-08-23
L00589,U0198,7300000.0,approved,2024-11-11
L00590,U0180,2700000.0,rejected,2023-04-22
L00591,U0416,2000000.0,approved,2024-05-27
L00592,U0438,16100000.0,defaulted,2024-02-09
L00593,U0528,11600000.0,defaulted,2023-06-21
L00594,U0336,11900000.0,approved,2023-11-18
L00595,U0089,5300000.0,rejected,2023-08-22
L00596,U0411,5900000.0,defaulted,2023-08-02
L00597,U0098,8400000.0,approved,2023-02-17
L00598,U0190,13000000.0,rejected,2024-03-08
L00599,U0144,9200000.0,defaulted,2024-04-04
L00600,U0489,1300000.0,rejected,2024-11-14
L00601,U0332,13800000.0,approved,2024-07-25
L00602,U0255,11200000.0,approved,2024-12-09
L00603,U0007,13200000.0,defaulted,2023-05-17
L00604,U0268,12700000.0,approved,2024-05-01
L00605,U0393,15400000.0,approved,2024-06-11
L00606,U0242,12100000.0,approved,2023-11-28
L00607,U0458,14300000.0,approved,2024-03-07
L00608,U0274,2400000.0,defaulted,2024-01-20
L00609,U0338,18600000.0,approved,2023-02-06
L00610,U0310,3000000.0,rejected,2023-09-25
L00611,U0012,16000000.0,approved,2024-05-14
L00612,U0268,6700000.0,approved,2024-06-05
L00613,U0369,2600000.0,approved,2023-10-24
L00614,U0242,15500000.0,rejected,2024-09-02
L00615,U0064,9300000.0,approved,2024-02-12
L00616,U0122,8500000.0,rejected,2023-09-05
L00617,U0477,13600000.0,approved,2024-06-24
L00618,U0315,10000000.0,defaulted,2023-11-20
L00619,U0164,11100000.0,approved,2023-11-14
L00620,U0416,3600000.0,approved,2023-04-26
L00621,U0515,8400000.0,approved,2023-08-21
L00622,U0319,16200000.0,defaulted,2023-10-20
L00623,U0121,11400000.0,approved,2023-05-23
L00624,U0303,19200000.0,approved,2024-08-08
L00625,U0377,3700000.0,approved,2024-02-22
L00626,U0227,13900000.0,approved,2024-01-03
L00627,U0225,18400000.0,approved,2023-07-07
L00628,U0137,16100000.0,approved,2024-10-21
L00629,U0490,14900000.0,defaulted,2023-06-25
L00630,U0157,8100000.0,defaulted,2023-08-22
L00631,U0466,19000000.0,approved,2024-10-28
L00632,U0383,11500000.0,approved,2024-07-03
L00633,U0426,11500000.0,defaulted,2023-04-23
L00634,U0483,3300000.0,defaulted,2024-09-17
L00635,U0551,1100000.0,rejected,2023-12-26
L00636,U0224,12300000.0,rejected,2024-12-11
L00637,U0254,11200000.0,rejected,2023-02-14
L00638,U0084,19000000.0,approved,2024-03-12
L00639,U0539,6800000.0,rejected,2023-11-17
L00640,U0458,15200000.0,approved,2023-11-20
L00641,U0541,18200000.0,approved,2024-03-08
L00642,U0371,7500000.0,rejected,2024-02-16
L00643,U0080,8800000.0,approved,2023-04-15
L00644,U0115,13300000.0,rejected,2023-10-29
L00645,U0064,10700000.0,approved,2023-07-08
L00646,U0518,4100000.0,approved,2023-07-18
L00647,U0208,5200000.0,defaulted,2023-06-07
L00648,U0550,16900000.0,approved,2023-09-14
L00649,U0154,4700000.0,rejected,2024-05-17
L00650,U0169,4400000.0,approved,2023-03-03
L00651,U0336,16200000.0,defaulted,2024-12-17
L00652,U0533,17200000.0,approved,2023-12-16
L00653,U0453,17200000.0,rejected,2024-10-19
L00654,U0120,18700000.0,approved,2023-10-16
L00655,U0211,19900000.0,approved,2023-03-13
L00656,U0501,9800000.0,approved,2024-02-21
L00657,U0094,11400000.0,approved,2024-07-16
L00658,U0523,6500000.0,defaulted,2024-10-06
L00659,U0457,2300000.0,approved,2023-05-28
L00660,U0057,2900000.0,approved,2023-02-10
L00661,U0465,14800000.0,rejected,2023-07-28
L00662,U0136,10300000.0,approved,2023-10-20
L00663,U0526,7300000.0,rejected,2024-06-07
L00664,U0426,3400000.0,defaulted,2024-04-14
L00665,U0468,13500000.0,approved,2024-04-13
L00666,U0060,2900000.0,approved,2023-01-31
L00667,U0474,12800000.0,defaulted,2024-11-09
L00668,U0316,18100000.0,approved,2023-02-26
L00669,U0023,7000000.0,approved,2023-05-27
L00670,U0406,9600000.0,defaulted,2024-09-16
L00671,U0261,12700000.0,rejected,2024-08-14
L00672,U0004,6800000.0,approved,2024-04-01
L00673,U0224,12100000.0,approved,2024-07-16
L00674,U0075,11700000.0,approved,2024-06-05
L00675,U0047,7900000.0,defaulted,2024-03-10
L00676,U0434,7000000.0,approved,2023-06-18
L00677,U0353,9100000.0,approved,2024-01-08
L00678,U0066,1100000.0,approved,2023-06-12
L00679,U0062,5700000.0,rejected,2024-11-06
L00680,U0071,5200000.0,defaulted,2024-12-05
L00681,U0484,15100000.0,approved,2023-09-16
L00682,U0033,9300000.0,approved,2023-08-24
L00683,U0294,17000000.0,approved,2024-12-07
L00684,U0419,3600000.0,approved,2023-01-12
L00685,U0185,14900000.0,rejected,2023-06-14
L00686,U0139,17700000.0,defaulted,2024-12-28
L00687,U0431,9800000.0,approved,2023-05-28
L00688,U0384,7800000.0,rejected,2024-07-29
L00689,U0392,6800000.0,rejected,2023-04-02
L00690,U0460,11500000.0,defaulted,2024-08-03
L00691,U0387,4300000.0,defaulted,2024-08-08
L00692,U0385,12500000.0,approved,2024-01-07
L00693,U0083,17000000.0,approved,2024-12-11
L00694,U0553,17300000.0,approved,2023-07-08
L00695,U0137,3700000.0,approved,2024-06-24
L00696,U0357,11200000.0,approved,2024-04-14
L00697,U0122,6000000.0,approved,2024-06-30
L00698,U0183,17800000.0,approved,2023-06-08
L00699,U0551,2500000.0,approved,2023-11-05
L00700,U0403,2400000.0,approved,2024-12-11
L00701,U0542,1400000.0,approved,2023-07-05
L00702,U0131,10600000.0,approved,2024-03-04
L00703,U0229,1600000.0,approved,2023-09-07
L00704,U0004,12100000.0,approved,2024-08-25
L00705,U0024,8700000.0,approved,2023-08-08
L00706,U0306,12200000.0,approved,2023-10-23
L00707,U0475,18200000.0,rejected,2023-12-29
L00708,U0435,11500000.0,approved,2024-02-19
L00709,U0545,11300000.0,approved,2024-05-18
L00710,U0389,20000000.0,approved,2023-10-07
L00711,U0236,10000000.0,approved,2023-08-28
L00712,U0254,15700000.0,approved,2023-07-23
L00713,U0472,8000000.0,approved,2023-10-07
L00714,U0355,5200000.0,defaulted,2024-02-03
L00715,U0159,15700000.0,rejected,2024-11-16
L00716,U0283,14900000.0,approved,2024-01-22
L00717,U0194,6500000.0,defaulted,2023-12-28
L00718,U0116,9800000.0,approved,2023-03-18
L00719,U0033,10700000.0,approved,2024-09-15
L00720,U0430,8500000.0,rejected,2024-07-15
L00721,U0017,10500000.0,rejected,2023-12-31
L00722,U0247,13600000.0,approved,2024-08-14
L00723,U0212,17100000.0,approved,2024-10-14
L00724,U0069,16300000.0,approved,2023-09-06
L00725,U0104,12700000.0,rejected,2024-12-11
L00726,U0035,4200000.0,approved,2023-06-07
L00727,U0458,10800000.0,defaulted,2023-10-15
L00728,U0050,9500000.0,defaulted,2023-09-01
L00729,U0251,4400000.0,rejected,2023-11-18
L00730,U0046,19000000.0,approved,2023-02-05
L00731,U0412,13500000.0,approved,2024-03-12
L00732,U0450,19400000.0,approved,2024-11-02
L00733,U0240,15000000.0,approved,2023-06-21
L00734,U0553,10200000.0,rejected,2024-07-29
L00735,U0223,7800000.0,approved,2023-04-24
L00736,U0058,5200000.0,approved,2023-01-13
L00737,U0144,10300000.0,approved,2023-07-22
L00738,U0516,2200000.0,defaulted,2024-03-05
L00739,U0297,8000000.0,approved,2024-12-27
L00740,U0240,1800000.0,approved,2024-03-29
L00741,U0327,4900000.0,rejected,2024-03-25
L00742,U0329,18200000.0,approved,2024-07-13
L00743,U0243,7900000.0,approved,2023-11-21
L00744,U0310,9900000.0,approved,2023-08-18
L00745,U0147,9600000.0,approved,2023-04-29
L00746,U0534,1900000.0,defaulted,2023-06-02
L00747,U0227,19600000.0,approved,2023-09-14
L00748,U0424,7200000.0,approved,2023-06-28
L00749,U0308,14400000.0,approved,2023-10-23
L00750,U0282,10900000.0,approved,2024-03-18
L00751,U0063,16800000.0,defaulted,2024-10-09
L00752,U0180,16900000.0,rejected,2023-07-10
L00753,U0438,6000000.0,rejected,2024-01-23
L00754,U0508,11300000.0,approved,2024-03-03
L00755,U0049,4300000.0,approved,2024-05-23
L00756,U0353,13400000.0,rejected,2024-06-15
L00757,U0391,7900000.0,approved,2023-09-20
L00758,U0538,13400000.0,approved,2023-07-19
L00759,U0327,16900000.0,approved,2024-08-15
L00760,U0427,10800000.0,approved,2024-09-30
L00761,U0419,8200000.0,rejected,2024-01-15
L00762,U0153,18200000.0,rejected,2024-07-16
L00763,U0308,10800000.0,approved,2024-05-13
L00764,U0386,7700000.0,defaulted,2024-07-28
L00765,U0189,17500000.0,approved,2024-01-17
L00766,U0551,10300000.0,rejected,2023-12-24
L00767,U0485,10200000.0,rejected,2023-05-11
L00768,U0247,12500000.0,approved,2024-07-23
L00769,U0231,10500000.0,rejected,2024-09-09
L00770,U0308,3600000.0,rejected,2023-10-01
L00771,U0148,4100000.0,approved,2023-05-12
L00772,U0475,2500000.0,rejected,2023-04-19
L00773,U0060,13200000.0,approved,2024-07-13
L00774,U0423,5000000.0,approved,2024-02-29
L00775,U0427,4600000.0,approved,2024-01-15
L00776,U0543,7900000.0,approved,2023-05-23
L00777,U0138,14600000.0,approved,2024-12-13
L00778,U0398,3200000.0,rejected,2024-11-21
L00779,U0249,5400000.0,rejected,2024-02-26
L00780,U0262,16400000.0,approved,2024-05-13
L00781,U0209,14700000.0,rejected,2023-02-15
L00782,U0339,10100000.0,defaulted,2024-02-11
L00783,U0081,10100000.0,approved,2023-01-27
L00784,U0461,5000000.0,approved,2024-10-13
L00785,U0380,4100000.0,rejected,2024-10-19
L00786,U0095,16800000.0,approved,2023-02-27
L00787,U0549,1400000.0,approved,2024-09-27
L00788,U0196,1800000.0,defaulted,2024-06-03
L00789,U0053,11900000.0,defaulted,2023-02-07
L00790,U0275,4100000.0,approved,2024-08-16
L00791,U0387,13000000.0,approved,2023-01-05
L00792,U0041,1700000.0,approved,2023-11-17
L00793,U0075,11900000.0,approved,2023-04-17
L00794,U0193,2100000.0,approved,2024-10-16
L00795,U0223,5900000.0,rejected,2024-05-04
L00796,U0491,4400000.0,rejected,2023-06-29
L00797,U0214,19200000.0,approved,2023-02-22
L00798,U0341,12400000.0,approved,2024-07-03
L00799,U0311,11700000.0,approved,2023-04-28
L00800,U0016,1400000.0,approved,2023-01-08
L00801,U0217,14700000.0,approved,2023-06-19
L00802,U0195,13600000.0,approved,2024-01-28
L00803,U0121,6400000.0,rejected,2023-12-21
L00804,U0491,2600000.0,rejected,2023-10-17
L00805,U0249,9500000.0,approved,2023-02-16
L00806,U0210,19900000.0,defaulted,2024-04-24
L00807,U0407,17500000.0,rejected,2024-05-10
L00808,U0246,4200000.0,approved,2024-06-01
L00809,U0330,16800000.0,approved,2024-12-26
L00810,U0290,12400000.0,defaulted,2024-04-23
L00811,U0390,16100000.0,approved,2024-12-09
L00812,U0478,16600000.0,approved,2024-01-11
L00813,U0547,4500000.0,approved,2024-05-27
L00814,U0368,13500000.0,rejected,2024-01-14
L00815,U0316,6000000.0,approved,2023-01-13
L00816,U0268,14800000.0,defaulted,2023-01-06
L00817,U0369,7500000.0,approved,2024-02-18
L00818,U0526,9600000.0,approved,2024-03-04
L00819,U0510,12200000.0,rejected,2023-11-16
L00820,U0478,5400000.0,defaulted,2023-01-10
L00821,U0101,8300000.0,approved,2023-01-13
L00822,U0481,3100000.0,defaulted,2024-02-16
L00823,U0328,4800000.0,approved,2024-07-14
L00824,U0209,17300000.0,approved,2023-08-02
L00825,U0380,10600000.0,approved,2024-02-21
L00826,U0321,9000000.0,rejected,2023-08-11
L00827,U0424,3800000.0,approved,2023-01-14
L00828,U0047,2800000.0,approved,2024-01-26
L00829,U0227,10000000.0,approved,2024-09-23
L00830,U0150,12700000.0,rejected,2024-06-26
L00831,U0017,1700000.0,approved,2024-06-07
L00832,U0268,15900000.0,approved,2023-12-01
L00833,U0428,10600000.0,approved,2024-09-18
L00834,U0303,3200000.0,approved,2024-12-30
L00835,U0157,10200000.0,rejected,2024-12-07
L00836,U0201,3500000.0,approved,2023-05-20
L00837,U0338,12500000.0,approved,2023-03-25
L00838,U0236,16700000.0,approved,2024-12-14
L00839,U0389,18000000.0,rejected,2023-03-16
L00840,U0252,15700000.0,approved,2024-02-12
L00841,U0512,13300000.0,defaulted,2023-04-26
L00842,U0346,10900000.0,approved,2023-07-07
L00843,U0264,8000000.0,approved,2023-05-30
L00844,U0501,1800000.0,defaulted,2024-04-26
L00845,U0503,11100000.0,approved,2024-02-13
L00846,U0472,5400000.0,rejected,2023-07-16
L00847,U0173,16200000.0,rejected,2024-09-25
L00848,U0361,16000000.0,defaulted,2023-10-03
L00849,U0174,8200000.0,approved,2023-07-27
L00850,U0144,12200000.0,defaulted,2024-09-09
L00851,U0501,15100000.0,defaulted,2023-11-05
L00852,U0189,15500000.0,approved,2023-03-03
L00853,U0061,14200000.0,approved,2023-10-17
L00854,U0537,2900000.0,rejected,2023-11-12
L00855,U0035,3500000.0,approved,2023-12-23
L00856,U0077,10100000.0,approved,2024-03-14
L00857,U0050,5400000.0,approved,2023-07-08
L00858,U0007,17300000.0,approved,2024-06-25
L00859,U0423,6400000.0,approved,2023-06-25
L00860,U0141,17700000.0,rejected,2023-08-21
L00861,U0237,8800000.0,approved,2024-06-15
L00862,U0070,4600000.0,approved,2024-10-05
L00863,U0155,14500000.0,approved,2024-10-20
L00864,U0010,16000000.0,approved,2023-03-04
L00865,U0224,12000000.0,rejected,2024-05-22
L00866,U0518,3200000.0,defaulted,2024-10-28
L00867,U0467,1100000.0,rejected,2024-05-19
L00868,U0383,13400000.0,approved,2024-08-12
L00869,U0062,14100000.0,approved,2023-01-25
L00870,U0495,7000000.0,approved,2023-03-14
L00871,U0500,7900000.0,defaulted,2023-11-11
L00872,U0017,3900000.0,approved,2023-10-22
L00873,U0007,13400000.0,approved,2023-10-20
L00874,U0545,5800000.0,approved,2024-03-05
L00875,U0422,17200000.0,rejected,2024-01-05
L00876,U0013,9000000.0,rejected,2023-02-13
L00877,U0018,7900000.0,approved,2024-05-09
L00878,U0543,6200000.0,approved,2023-01-08
L00879,U0282,13900000.0,approved,2024-06-29
L00880,U0549,15300000.0,rejected,2023-05-14
L00881,U0294,8900000.0,rejected,2023-03-06
L00882,U0018,15900000.0,approved,2024-01-24
L00883,U0515,10200000.0,defaulted,2024-10-18
L00884,U0441,8000000.0,approved,2023-12-04
L00885,U0184,11500000.0,defaulted,2024-05-15
L00886,U0110,5800000.0,approved,2024-09-01
L00887,U0099,6800000.0,rejected,2023-09-15
L00888,U0537,7500000.0,approved,2024-03-15
L00889,U0153,14400000.0,rejected,2024-10-28
L00890,U0247,15000000.0,approved,2023-03-16
L00891,U0197,17200000.0,approved,2024-11-26
L00892,U0540,13500000.0,approved,2024-02-15
L00893,U0259,15200000.0,approved,2024-12-14
L00894,U0363,9500000.0,approved,2023-02-03
L00895,U0274,14300000.0,defaulted,2023-06-28
L00896,U0407,4100000.0,defaulted,2023-06-14
L00897,U0081,5100000.0,approved,2024-12-01
L00898,U0383,8600000.0,defaulted,2024-11-05
L00899,U0416,7400000.0,defaulted,2024-06-21
L00900,U0471,11500000.0,approved,2024-11-20
L00901,U0250,14200000.0,approved,2024-03-16
L00902,U0232,14400000.0,defaulted,2024-01-05
L00903,U0308,4100000.0,approved,2023-07-30
L00904,U0083,19300000.0,approved,2023-02-06
L00905,U0033,1100000.0,approved,2024-12-18
L00906,U0096,2700000.0,approved,2023-02-27
L00907,U0416,3800000.0,approved,2024-06-15
L00908,U0389,18600000.0,defaulted,2024-12-19
L00909,U0387,9300000.0,defaulted,2023-08-06
L00910,U0488,2200000.0,defaulted,2024-11-29
L00911,U0058,5200000.0,rejected,2024-02-26
L00912,U0010,2500000.0,approved,2024-03-13
L00913,U0176,1700000.0,rejected,2024-05-26
L00914,U0085,8300000.0,approved,2023-01-26
L00915,U0512,19700000.0,approved,2023-05-20
L00916,U0445,12700000.0,approved,2024-12-22
L00917,U0340,10900000.0,rejected,2024-10-22
L00918,U0098,14500000.0,rejected,2023-09-02
L00919,U0541,12400000.0,rejected,2023-01-13
L00920,U0044,19000000.0,approved,2023-06-10
L00921,U0236,16600000.0,approved,2024-03-31
L00922,U0217,13200000.0,approved,2023-04-22
L00923,U0487,9300000.0,defaulted,2024-08-07
L00924,U0278,4800000.0,approved,2024-09-29
L00925,U0048,13500000.0,approved,2024-07-07
L00926,U0077,16300000.0,approved,2024-09-29
L00927,U0288,6400000.0,approved,2023-11-06
L00928,U0034,1600000.0,approved,2024-12-22
L00929,U0184,12400000.0,approved,2023-03-01
L00930,U0323,10800000.0,approved,2023-08-21
L00931,U0017,5400000.0,approved,2023-05-07
L00932,U0213,4200000.0,rejected,2024-03-14
L00933,U0148,1700000.0,approved,2023-07-06
L00934,U0408,5500000.0,rejected,2024-03-16
L00935,U0079,1000000.0,approved,2024-10-10
L00936,U0307,4000000.0,approved,2024-10-21
L00937,U0167,19900000.0,approved,2023-10-30
L00938,U0247,15800000.0,defaulted,2024-06-09
L00939,U0399,7700000.0,approved,2024-11-27
L00940,U0554,8500000.0,approved,2024-02-24
L00941,U0340,12100000.0,approved,2023-09-15
L00942,U0394,10800000.0,rejected,2023-10-26
L00943,U0144,15000000.0,approved,2024-08-09
L00944,U0081,2300000.0,approved,2024-07-28
L00945,U0513,2700000.0,approved,2023-04-19
L00946,U0355,6400000.0,approved,2024-09-05
L00947,U0055,16800000.0,approved,2024-06-19
L00948,U0101,18400000.0,approved,2024-07-16
L00949,U0448,7600000.0,rejected,2023-03-02
L00950,U0238,19300000.0,approved,2024-01-24
L00951,U0078,6300000.0,approved,2024-08-02
L00952,U0349,12500000.0,approved,2023-09-26
L00953,U0407,4700000.0,defaulted,2023-02-11
L00954,U0335,18700000.0,defaulted,2023-03-17
L00955,U0031,11900000.0,approved,2023-12-06
L00956,U0280,6000000.0,approved,2023-06-30
L00957,U0462,8700000.0,approved,2024-10-13
L00958,U0503,3000000.0,approved,2023-03-01
L00959,U0234,2400000.0,approved,2023-09-22
L00960,U0365,6600000.0,defaulted,2024-04-15
L00961,U0385,19000000.0,approved,2024-08-20
L00962,U0443,16300000.0,rejected,2024-04-21
L00963,U0191,19200000.0,approved,2024-04-07
L00964,U0390,17600000.0,approved,2023-11-05
L00965,U0088,16400000.0,approved,2024-08-23
L00966,U0303,11900000.0,rejected,2023-09-11
L00967,U0253,14200000.0,approved,2023-01-24
L00968,U0076,19400000.0,approved,2024-05-07
L00969,U0085,11700000.0,rejected,2023-08-01
L00970,U0275,15600000.0,approved,2024-08-31
L00971,U0158,15400000.0,defaulted,2023-12-16
L00972,U0390,19300000.0,approved,2024-01-17
L00973,U0158,9700000.0,rejected,2023-06-27
L00974,U0399,9800000.0,approved,2023-10-04
L00975,U0325,12100000.0,approved,2024-03-05
L00976,U0370,1500000.0,approved,2023-10-19
L00977,U0110,3200000.0,defaulted,2023-12-02
L00978,U0094,2300000.0,approved,2023-05-25
L00979,U0006,13000000.0,approved,2024-06-11
L00980,U0316,19900000.0,approved,2024-03-31
L00981,U0456,13900000.0,approved,2024-05-28
L00982,U0369,5400000.0,approved,2023-10-23
L00983,U0277,7000000.0,rejected,2023-03-08
L00984,U0105,19200000.0,rejected,2024-08-22
L00985,U0136,10800000.0,approved,2024-04-25
L00986,U0090,1200000.0,rejected,2023-08-18
L00987,U0192,16800000.0,approved,2024-09-11
L00988,U0442,5700000.0,approved,2023-07-11
L00989,U0460,2800000.0,rejected,2024-07-07
L00990,U0525,13800000.0,approved,2023-02-27
L00991,U0418,16600000.0,rejected,2023-03-05
L00992,U0106,2400000.0,defaulted,2023-07-28
L00993,U0027,18700000.0,approved,2023-04-30
L00994,U0092,10100000.0,defaulted,2023-10-23
L00995,U0363,7700000.0,approved,2024-07-06
L00996,U0096,18000000.0,approved,2024-08-31
L00997,U0333,6100000.0,defaulted,2024-05-07
L00998,U0395,19000000.0,defaulted,2023-04-30
L00999,U0013,14000000.0,approved,2024-07-28
L01000,U0299,18300000.0,approved,2023-10-30
L01001,U0424,10500000.0,defaulted,2023-09-03
L01002,U0398,4800000.0,approved,2023-10-08
L01003,U0087,15000000.0,approved,2023-03-24
L01004,U0249,17600000.0,approved,2023-03-13
L01005,U0534,4900000.0,defaulted,2023-01-05
L01006,U0174,4900000.0,approved,2023-08-28
L01007,U0390,5700000.0,approved,2023-12-12
L01008,U0174,12800000.0,approved,2023-10-07
L01009,U0143,4000000.0,defaulted,2024-08-14
L01010,U0276,3000000.0,approved,2023-07-29
L01011,U0309,18500000.0,approved,2023-03-21
L01012,U0275,13800000.0,approved,2023-04-13
L01013,U0505,13600000.0,approved,2023-03-09
L01014,U0150,12700000.0,defaulted,2023-05-26
L01015,U0065,15500000.0,rejected,2023-12-01
L01016,U0172,11300000.0,approved,2023-12-15
L01017,U0446,1800000.0,defaulted,2024-03-08
L01018,U0283,10200000.0,approved,2024-03-06
L01019,U0432,12800000.0,defaulted,2024-02-03
L01020,U0307,10400000.0,approved,2023-11-13
L01021,U0496,19700000.0,approved,2023-03-22
L01022,U0079,18000000.0,defaulted,2023-01-21
L01023,U0370,17500000.0,defaulted,2023-03-11
L01024,U0258,10300000.0,defaulted,2023-10-02
L01025,U0253,19700000.0,approved,2024-03-06
L01026,U0508,18400000.0,defaulted,2023-03-14
L01027,U0201,6300000.0,approved,2024-04-08
L01028,U0469,5200000.0,approved,2024-04-09
L01029,U0110,12000000.0,approved,2024-09-01
L01030,U0139,2000000.0,rejected,2023-09-09
L01031,U0312,16200000.0,approved,2024-11-01
L01032,U0007,10100000.0,rejected,2023-10-27
L01033,U0406,11300000.0,approved,2023-01-10
L01034,U0341,10500000.0,approved,2023-08-15
L01035,U0390,8500000.0,rejected,2023-11-18
L01036,U0338,14000000.0,approved,2023-10-29
L01037,U0451,4300000.0,approved,2024-08-28
L01038,U0343,19600000.0,approved,2023-03-07
L01039,U0441,14300000.0,approved,2024-07-17
L01040,U0140,9700000.0,approved,2024-11-30
L01041,U0308,14100000.0,approved,2024-03-10
L01042,U0329,1200000.0,rejected,2024-12-04
L01043,U0206,5000000.0,approved,2023-07-08
L01044,U0491,12000000.0,defaulted,2024-03-20
L01045,U0322,7200000.0,approved,2024-02-09
L01046,U0182,12600000.0,approved,2023-05-12
L01047,U0408,5900000.0,defaulted,2024-06-16
L01048,U0327,11400000.0,approved,2023-10-23
L01049,U0299,5500000.0,approved,2023-05-12
L01050,U0503,10000000.0,defaulted,2023-04-18
L01051,U0249,12600000.0,defaulted,2023-07-28
L01052,U0334,8000000.0,defaulted,2023-08-22
L01053,U0386,10500000.0,approved,2023-07-28
L01054,U0288,5000000.0,approved,2024-01-19
L01055,U0403,14300000.0,rejected,2023-04-24
L01056,U0374,8100000.0,approved,2023-02-19
L01057,U0117,17200000.0,approved,2023-05-10
L01058,U0205,6300000.0,approved,2023-12-04
L01059,U0185,4400000.0,rejected,2023-08-03
L01060,U0028,3500000.0,defaulted,2023-11-24
L01061,U0473,11900000.0,approved,2023-08-21
L01062,U0215,5300000.0,rejected,2024-01-12
L01063,U0449,2900000.0,approved,2024-08-30
L01064,U0299,6100000.0,approved,2023-03-01
L01065,U0071,5500000.0,approved,2023-10-08
L01066,U0419,9200000.0,rejected,2023-07-15
L01067,U0512,8200000.0,approved,2023-07-11
L01068,U0143,3800000.0,defaulted,2024-07-13
L01069,U0311,19200000.0,approved,2024-04-30
L01070,U0248,3800000.0,rejected,2024-01-21
L01071,U0259,16300000.0,approved,2024-04-06
L01072,U0158,4400000.0,approved,2024-04-23
L01073,U0434,10500000.0,approved,2023-06-01
L01074,U0387,19900000.0,approved,2023-12-22
L01075,U0076,17100000.0,approved,2023-03-25
L01076,U0460,10800000.0,defaulted,2023-04-16
L01077,U0491,14700000.0,approved,2023-08-25
L01078,U0411,15900000.0,defaulted,2023-01-06
L01079,U0548,6700000.0,approved,2023-11-04
L01080,U0519,11700000.0,rejected,2023-09-16
L01081,U0429,11800000.0,approved,2024-10-15
L01082,U0038,8600000.0,approved,2024-04-26
L01083,U0369,14100000.0,approved,2023-10-23
L01084,U0550,2100000.0,approved,2024-09-16
L01085,U0088,16500000.0,approved,2024-10-31
L01086,U0112,10100000.0,approved,2023-09-13
L01087,U0255,13000000.0,rejected,2023-12-08
L01088,U0364,9500000.0,approved,2023-09-17
L01089,U0171,7400000.0,rejected,2023-12-01
L01090,U0046,7900000.0,approved,2024-09-25
L01091,U0410,11600000.0,defaulted,2024-10-01
L01092,U0340,18700000.0,approved,2024-10-29
L01093,U0441,5900000.0,rejected,2024-05-20
L01094,U0109,1400000.0,approved,2024-04-06
L01095,U0011,3300000.0,approved,2023-04-16
L01096,U0101,17500000.0,approved,2023-08-22
L01097,U0265,19300000.0,rejected,2023-09-07
L01098,U0228,4800000.0,approved,2024-04-13
L01099,U0523,11900000.0,defaulted,2024-06-24
L01100,U0532,13300000.0,approved,2023-06-06
L01101,U0227,4300000.0,approved,2024-01-08
L01102,U0457,15800000.0,defaulted,2023-09-02
L01103,U0384,7700000.0,approved,2023-05-18
L01104,U0401,13800000.0,defaulted,2023-11-06
L01105,U0475,10300000.0,approved,2023-09-05
L01106,U0513,15000000.0,approved,2023-08-15
L01107,U0155,17900000.0,approved,2024-07-24
L01108,U0354,8200000.0,rejected,2024-06-23
L01109,U0026,6400000.0,defaulted,2024-05-06
L01110,U0495,13000000.0,rejected,2024-01-17
L01111,U0108,3800000.0,approved,2024-03-23
L01112,U0303,4200000.0,approved,2024-08-30
L01113,U0426,16300000.0,approved,2023-07-08
L01114,U0088,7400000.0,rejected,2023-09-11
L01115,U0119,13000000.0,approved,2023-10-20
L01116,U0146,11900000.0,approved,2023-08-06
L01117,U0357,17100000.0,defaulted,2024-09-26
L01118,U0320,2400000.0,approved,2024-09-02
L01119,U0352,4100000.0,rejected,2023-11-02
L01120,U0467,5300000.0,approved,2023-10-11
L01121,U0212,7000000.0,approved,2023-03-30
L01122,U0534,6500000.0,approved,2024-12-24
L01123,U0495,6100000.0,rejected,2024-03-13
L01124,U0357,13200000.0,approved,2023-06-05
L01125,U0488,6200000.0,approved,2024-04-04
L01126,U0100,9500000.0,defaulted,2024-02-28
L01127,U0449,17400000.0,defaulted,2023-05-20
L01128,U0464,7900000.0,approved,2024-06-13
L01129,U0327,12200000.0,rejected,2024-08-19
L01130,U0069,19300000.0,approved,2024-03-03
L01131,U0308,8900000.0,approved,2023-01-21
L01132,U0046,4500000.0,approved,2024-07-18
L01133,U0118,1400000.0,approved,2023-12-25
L01134,U0024,14800000.0,defaulted,2024-07-04
L01135,U0352,13600000.0,approved,2023-06-12
L01136,U0112,18900000.0,defaulted,2023-12-07
L01137,U0169,14300000.0,approved,2024-09-11
L01138,U0250,2500000.0,approved,2023-08-15
L01139,U0529,4200000.0,defaulted,2024-10-07
L01140,U0179,3000000.0,rejected,2024-06-22
L01141,U0164,2200000.0,approved,2023-02-23
L01142,U0339,17700000.0,approved,2024-09-28
L01143,U0437,11400000.0,rejected,2024-10-20
L01144,U0474,1500000.0,defaulted,2024-09-10
L01145,U0238,8500000.0,approved,2024-09-09
L01146,U0415,15500000.0,rejected,2023-11-14
L01147,U0189,2600000.0,approved,2024-06-06
L01148,U0191,6000000.0,defaulted,2024-01-23
L01149,U0443,4000000.0,defaulted,2023-04-19
L01150,U0406,13400000.0,approved,2024-05-06
L01151,U0030,17800000.0,approved,2023-08-24
L01152,U0203,6900000.0,defaulted,2023-07-07
L01153,U0461,5700000.0,approved,2023-07-16
L01154,U0440,6400000.0,approved,2024-05-26
L01155,U0399,12900000.0,approved,2023-04-30
L01156,U0005,3500000.0,approved,2024-07-09
L01157,U0220,16900000.0,defaulted,2023-11-25
L01158,U0211,1500000.0,approved,2024-09-04
L01159,U0286,13600000.0,approved,2023-10-20
L01160,U0065,17300000.0,approved,2023-02-27
L01161,U0105,7200000.0,rejected,2023-12-15
L01162,U0550,10000000.0,approved,2024-04-09
L01163,U0192,19500000.0,approved,2024-01-08
L01164,U0375,11300000.0,approved,2024-03-28
L01165,U0334,6200000.0,rejected,2023-11-08
L01166,U0202,9500000.0,defaulted,2024-02-20
L01167,U0469,19400000.0,approved,2024-01-29
L01168,U0117,14300000.0,defaulted,2024-12-18
L01169,U0269,4400000.0,approved,2024-12-15
L01170,U0502,12400000.0,approved,2024-11-06
L01171,U0541,13000000.0,approved,2024-06-21
L01172,U0321,13100000.0,approved,2023-11-21
L01173,U0398,11700000.0,rejected,2024-02-27
L01174,U0402,10900000.0,approved,2023-01-29
L01175,U0117,13200000.0,approved,2024-09-06
L01176,U0357,6900000.0,approved,2023-10-07
L01177,U0361,7600000.0,defaulted,2024-06-28
L01178,U0469,11300000.0,approved,2024-11-26
L01179,U0177,16300000.0,approved,2024-09-22
L01180,U0305,9400000.0,approved,2024-02-22
L01181,U0087,7900000.0,approved,2024-04-06
L01182,U0138,5900000.0,rejected,2024-05-10
L01183,U0321,6800000.0,defaulted,2024-12-11
L01184,U0121,1000000.0,approved,2023-03-08
L01185,U0245,16500000.0,rejected,2023-03-26
L01186,U0313,17100000.0,rejected,2024-08-20
L01187,U0120,7500000.0,approved,2023-07-12
L01188,U0188,9900000.0,approved,2024-05-25
L01189,U0383,1200000.0,rejected,2024-05-31
L01190,U0145,18500000.0,approved,2023-10-03
L01191,U0524,19000000.0,defaulted,2023-05-10
L01192,U0398,10100000.0,rejected,2024-05-17
L01193,U0429,1200000.0,rejected,2024-04-20
L01194,U0142,9200000.0,approved,2023-02-04
L01195,U0393,6600000.0,approved,2024-03-13
L01196,U0434,5400000.0,defaulted,2024-05-16
L01197,U0191,1100000.0,approved,2024-06-10
L01198,U0499,8100000.0,rejected,2024-05-17
L01199,U0551,8800000.0,defaulted,2023-11-07
L01200,U0178,11700000.0,approved,2024-08-07
L01201,U0171,8500000.0,approved,2023-09-15
L01202,U0502,4100000.0,defaulted,2024-09-10
L01203,U0296,15000000.0,rejected,2023-12-01
L01204,U0144,8400000.0,approved,2023-03-24
L01205,U0192,8200000.0,rejected,2023-01-09
L01206,U0323,6000000.0,rejected,2023-03-18
L01207,U0462,9000000.0,rejected,2023-07-20
L01208,U0055,5600000.0,approved,2023-06-22
L01209,U0368,15500000.0,rejected,2024-02-01
L01210,U0010,18300000.0,approved,2024-08-03
L01211,U0497,16300000.0,approved,2024-02-07
L01212,U0140,14000000.0,rejected,2024-03-09
L01213,U0200,6400000.0,approved,2024-03-26
L01214,U0394,15100000.0,approved,2024-06-18
L01215,U0518,16400000.0,approved,2024-03-22
L01216,U0507,8800000.0,defaulted,2023-06-21
L01217,U0419,17200000.0,approved,2023-12-13
L01218,U0504,4500000.0,approved,2023-10-18
L01219,U0426,6500000.0,approved,2023-10-31
L01220,U0455,13100000.0,approved,2023-12-26
L01221,U0501,12700000.0,rejected,2024-08-22
L01222,U0172,6200000.0,approved,2024-06-11
L01223,U0085,12800000.0,approved,2024-04-02
L01224,U0032,4600000.0,approved,2024-06-20
L01225,U0226,1400000.0,approved,2024-01-24
L01226,U0300,1900000.0,approved,2023-04-28
L01227,U0034,11200000.0,rejected,2023-09-25
L01228,U0282,4500000.0,approved,2023-01-20
L01229,U0231,2900000.0,approved,2024-01-10
L01230,U0551,6100000.0,defaulted,2023-03-23
L01231,U0296,14600000.0,rejected,2023-08-18
L01232,U0173,14800000.0,rejected,2023-11-20
L01233,U0469,5400000.0,rejected,2024-12-16
L01234,U0508,3900000.0,approved,2023-03-08
L01235,U0524,10400000.0,defaulted,2023-04-01
L01236,U0116,7500000.0,rejected,2024-10-07
L01237,U0117,6900000.0,approved,2024-07-21
L01238,U0275,16200000.0,rejected,2023-04-21
L01239,U0376,20000000.0,defaulted,2023-09-28
L01240,U0043,9800000.0,rejected,2023-08-31
L01241,U0452,16000000.0,defaulted,2023-09-24
L01242,U0224,7300000.0,rejected,2023-12-20
L01243,U0436,17000000.0,defaulted,2024-09-01
L01244,U0105,19100000.0,defaulted,2023-06-10
L01245,U0254,2100000.0,approved,2024-02-09
L01246,U0305,15700000.0,approved,2024-01-11
L01247,U0034,2400000.0,approved,2023-09-28
L01248,U0461,9900000.0,rejected,2024-01-05
L01249,U0270,4700000.0,approved,2023-03-17
L01250,U0357,17000000.0,rejected,2023-12-07
L01251,U0090,16500000.0,approved,2024-07-14
L01252,U0450,16700000.0,rejected,2024-06-25
L01253,U0121,3300000.0,rejected,2023-12-18
L01254,U0243,15600000.0,approved,2023-09-05
L01255,U0215,5700000.0,rejected,2023-02-22
L01256,U0360,15700000.0,approved,2023-08-22
L01257,U0439,9400000.0,rejected,2023-02-04
L01258,U0170,15000000.0,approved,2024-09-21
L01259,U0143,1600000.0,approved,2024-07-06
L01260,U0212,9800000.0,rejected,2023-03-31
L01261,U0212,15600000.0,approved,2023-01-18
L01262,U0061,10900000.0,approved,2024-10-21
L01263,U0360,19700000.0,rejected,2023-09-24
L01264,U0546,10000000.0,rejected,2024-05-18
L01265,U0288,13900000.0,defaulted,2023-03-26
L01266,U0552,6900000.0,rejected,2024-06-09
L01267,U0173,7100000.0,defaulted,2024-09-13
L01268,U0332,13000000.0,approved,2023-05-08
L01269,U0300,1800000.0,approved,2024-12-23
L01270,U0297,18800000.0,rejected,2024-07-29
L01271,U0274,10900000.0,rejected,2023-07-09
L01272,U0527,5800000.0,rejected,2024-02-05
L01273,U0098,13100000.0,approved,2023-05-16
L01274,U0139,4800000.0,approved,2024-03-04
L01275,U0422,17900000.0,rejected,2023-05-05
L01276,U0061,17400000.0,defaulted,2023-09-15
L01277,U0284,5100000.0,rejected,2024-03-10
L01278,U0130,3100000.0,rejected,2023-11-28
L01279,U0136,13000000.0,rejected,2023-12-25
L01280,U0256,7200000.0,defaulted,2023-06-30
L01281,U0150,4200000.0,approved,2024-09-11
L01282,U0330,6200000.0,approved,2023-11-11
L01283,U0254,3300000.0,defaulted,2024-05-04
L01284,U0403,16000000.0,rejected,2023-05-24
L01285,U0502,1200000.0,defaulted,2023-05-25
L01286,U0146,1800000.0,approved,2024-05-12
L01287,U0276,15900000.0,approved,2024-05-25
L01288,U0425,10000000.0,approved,2023-12-02
L01289,U0385,12300000.0,defaulted,2023-11-04
L01290,U0463,8100000.0,defaulted,2023-01-23
L01291,U0078,2700000.0,defaulted,2024-07-26
L01292,U0096,4000000.0,approved,2024-04-21
L01293,U0413,2700000.0,approved,2024-11-16
L01294,U0528,12800000.0,defaulted,2023-06-03
L01295,U0285,18700000.0,approved,2023-12-16
L01296,U0378,19900000.0,approved,2024-04-04
L01297,U0466,12900000.0,approved,2023-11-30
L01298,U0500,2100000.0,approved,2023-10-30
L01299,U0336,13200000.0,rejected,2023-01-04
L01300,U0003,14300000.0,rejected,2024-07-01
L01301,U0096,16000000.0,defaulted,2023-06-16
L01302,U0470,3400000.0,rejected,2023-06-09
L01303,U0367,5400000.0,defaulted,2023-08-05
L01304,U0065,19700000.0,defaulted,2024-08-07
L01305,U0548,16000000.0,approved,2024-06-30
L01306,U0408,15400000.0,approved,2024-09-20
L01307,U0224,16300000.0,defaulted,2024-09-10
L01308,U0440,9300000.0,approved,2023-02-18
L01309,U0217,4700000.0,defaulted,2024-03-24
L01310,U0507,14100000.0,rejected,2023-03-21
L01311,U0275,7800000.0,defaulted,2024-09-12
L01312,U0331,3600000.0,approved,2024-11-08
L01313,U0291,18100000.0,approved,2024-02-22
L01314,U0346,10200000.0,approved,2023-05-26
L01315,U0134,9300000.0,rejected,2023-10-12
L01316,U0497,6600000.0,rejected,2023-09-11
L01317,U0352,14200000.0,rejected,2023-06-03
L01318,U0050,4600000.0,approved,2023-12-22
L01319,U0048,4500000.0,rejected,2023-03-30
L01320,U0102,7600000.0,rejected,2023-07-23
L01321,U0471,14900000.0,defaulted,2024-06-04
L01322,U0017,6200000.0,defaulted,2024-11-01
L01323,U0128,16800000.0,rejected,2024-01-16
L01324,U0162,18400000.0,rejected,2024-02-14
L01325,U0452,11500000.0,approved,2024-05-11
L01326,U0468,2300000.0,defaulted,2023-09-01
L01327,U0001,3900000.0,approved,2024-04-08
L01328,U0439,6600000.0,approved,2023-10-29
L01329,U0208,6000000.0,approved,2024-04-19
L01330,U0136,8000000.0,approved,2023-11-01
L01331,U0310,1000000.0,approved,2024-03-31
L01332,U0163,13100000.0,approved,2023-03-30
L01333,U0281,8200000.0,rejected,2023-09-28
L01334,U0096,4500000.0,approved,2023-10-01
L01335,U0370,1400000.0,defaulted,2024-10-18
L01336,U0257,17300000.0,approved,2023-12-22
L01337,U0085,15700000.0,rejected,2024-04-24
L01338,U0381,5500000.0,approved,2023-05-15
L01339,U0170,14700000.0,defaulted,2024-09-24
L01340,U0054,13500000.0,approved,2024-06-07
L01341,U0406,11200000.0,defaulted,2024-07-02
L01342,U0313,8400000.0,approved,2024-09-13
L01343,U0240,11000000.0,rejected,2023-08-20
L01344,U0440,10500000.0,defaulted,2024-12-14
L01345,U0094,11500000.0,approved,2024-04-22
L01346,U0098,12600000.0,approved,2024-04-03
L01347,U0002,7100000.0,approved,2023-03-07
L01348,U0219,13200000.0,rejected,2024-06-06
L01349,U0489,3100000.0,defaulted,2023-04-15
L01350,U0080,10900000.0,rejected,2023-09-01
L01351,U0136,2300000.0,approved,2023-04-02
L01352,U0232,16900000.0,defaulted,2023-07-05
L01353,U0532,3500000.0,approved,2023-08-26
L01354,U0456,17600000.0,approved,2023-04-01
L01355,U0010,4800000.0,approved,2023-05-23
L01356,U0009,10200000.0,approved,2023-10-17
L01357,U0352,2900000.0,approved,2024-06-22
L01358,U0124,11800000.0,defaulted,2023-04-20
L01359,U0433,16900000.0,rejected,2024-02-01
L01360,U0136,13500000.0,approved,2023-10-29
L01361,U0490,11000000.0,defaulted,2023-11-21
L01362,U0073,14300000.0,approved,2024-04-08
L01363,U0235,5900000.0,approved,2023-04-18
L01364,U0393,8000000.0,approved,2024-03-22
L01365,U0092,12500000.0,approved,2023-10-26
L01366,U0105,2300000.0,defaulted,2023-11-25
L01367,U0106,18700000.0,defaulted,2023-05-25
L01368,U0321,5000000.0,defaulted,2024-01-14
L01369,U0377,10300000.0,defaulted,2024-05-08
L01370,U0307,17900000.0,defaulted,2024-02-22
L01371,U0141,2500000.0,approved,2024-06-22
L01372,U0392,16200000.0,approved,2024-12-14
L01373,U0137,2200000.0,approved,2024-05-16
L01374,U0147,11600000.0,approved,2024-12-23
L01375,U0071,18800000.0,approved,2023-05-15
L01376,U0544,8900000.0,rejected,2024-03-07
L01377,U0009,8000000.0,rejected,2023-05-10
L01378,U0169,14500000.0,rejected,2024-01-16
L01379,U0451,16600000.0,rejected,2023-08-13
L01380,U0360,6100000.0,approved,2023-04-19
L01381,U0219,1800000.0,defaulted,2023-05-26
L01382,U0156,2300000.0,approved,2023-09-02
L01383,U0422,6800000.0,approved,2024-10-15
L01384,U0454,18900000.0,defaulted,2023-12-17
L01385,U0223,19300000.0,approved,2024-04-26
L01386,U0089,2800000.0,approved,2023-02-11
L01387,U0103,14800000.0,approved,2024-11-03
L01388,U0144,11100000.0,rejected,2023-10-06
L01389,U0127,4600000.0,approved,2023-01-08
L01390,U0394,11000000.0,approved,2024-01-12
L01391,U0360,5700000.0,approved,2023-04-17
L01392,U0440,12900000.0,approved,2023-06-01
L01393,U0323,4400000.0,rejected,2024-09-25
L01394,U0144,15200000.0,rejected,2023-10-26
L01395,U0254,8900000.0,approved,2024-03-12
L01396,U0284,3000000.0,approved,2024-01-28
L01397,U0087,13100000.0,approved,2024-05-22
L01398,U0255,7800000.0,approved,2024-01-20
L01399,U0292,9700000.0,approved,2023-11-14
L01400,U0028,13600000.0,approved,2024-06-15
L01401,U0309,17800000.0,approved,2024-01-17
L01402,U0211,4200000.0,rejected,2023-11-19
L01403,U0531,4400000.0,rejected,2024-07-05
L01404,U0522,8600000.0,defaulted,2024-10-14
L01405,U0194,7400000.0,rejected,2023-12-11
L01406,U0402,4000000.0,approved,2024-01-15
L01407,U0303,20000000.0,rejected,2023-05-10
L01408,U0056,9400000.0,defaulted,2023-03-06
L01409,U0246,7700000.0,defaulted,2024-03-15
L01410,U0507,7000000.0,approved,2023-01-24
L01411,U0396,19800000.0,approved,2024-09-10
L01412,U0116,7200000.0,rejected,2024-08-14
L01413,U0247,8100000.0,approved,2023-06-21
L01414,U0512,15500000.0,rejected,2023-08-15
L01415,U0073,9200000.0,defaulted,2023-01-26
L01416,U0541,14800000.0,approved,2023-08-02
L01417,U0013,12600000.0,rejected,2023-06-24
L01418,U0370,11700000.0,defaulted,2024-02-22
L01419,U0325,5100000.0,defaulted,2023-08-13
L01420,U0136,15500000.0,approved,2023-05-11
L01421,U0397,18600000.0,approved,2024-08-29
L01422,U0431,5800000.0,approved,2023-12-22
L01423,U0375,19300000.0,approved,2024-03-15
L01424,U0177,9500000.0,approved,2024-07-30
L01425,U0483,8500000.0,defaulted,2024-08-23
L01426,U0075,14800000.0,approved,2024-08-17
L01427,U0018,19700000.0,rejected,2024-01-20
L01428,U0070,12300000.0,rejected,2024-03-02
L01429,U0015,10800000.0,approved,2024-02-01
L01430,U0269,19900000.0,approved,2023-03-29
L01431,U0221,6700000.0,defaulted,2024-03-20
L01432,U0041,6700000.0,approved,2023-03-30
L01433,U0062,5200000.0,approved,2023-07-28
L01434,U0408,17300000.0,rejected,2024-08-25
L01435,U0519,1400000.0,rejected,2024-02-26
L01436,U0294,16600000.0,approved,2024-10-01
L01437,U0514,14100000.0,approved,2023-10-12
L01438,U0426,6200000.0,rejected,2024-02-26
L01439,U0434,11500000.0,approved,2024-09-30
L01440,U0412,11600000.0,approved,2024-08-10
L01441,U0085,18600000.0,approved,2023-02-02
L01442,U0550,3900000.0,approved,2024-08-13
L01443,U0551,1700000.0,rejected,2024-07-12
L01444,U0157,7800000.0,approved,2023-12-09
L01445,U0285,3600000.0,approved,2024-02-29
L01446,U0086,8000000.0,rejected,2023-06-19
L01447,U0318,12100000.0,approved,2023-11-27
L01448,U0081,5400000.0,approved,2023-03-21
L01449,U0524,16400000.0,approved,2024-07-25
L01450,U0209,2700000.0,approved,2024-10-06
L01451,U0160,8600000.0,defaulted,2024-05-22
L01452,U0550,18400000.0,defaulted,2024-08-06
L01453,U0335,15000000.0,rejected,2023-07-12
L01454,U0401,14700000.0,approved,2023-08-20
L01455,U0068,16100000.0,defaulted,2024-11-10
L01456,U0318,4300000.0,defaulted,2023-01-26
L01457,U0448,16700000.0,approved,2023-12-16
L01458,U0245,14100000.0,approved,2023-07-24
L01459,U0060,11900000.0,rejected,2023-09-28
L01460,U0251,18200000.0,rejected,2024-10-31
L01461,U0089,12300000.0,approved,2024-09-26
L01462,U0445,6700000.0,approved,2023-03-09
L01463,U0119,14900000.0,rejected,2023-12-08
L01464,U0465,11900000.0,defaulted,2024-11-03
L01465,U0057,2500000.0,approved,2023-04-02
L01466,U0317,2100000.0,rejected,2024-08-25
L01467,U0180,15600000.0,approved,2024-09-22
L01468,U0123,7600000.0,approved,2023-07-04
L01469,U0013,16500000.0,rejected,2023-06-13
L01470,U0141,8900000.0,defaulted,2024-09-21
L01471,U0012,17500000.0,rejected,2024-07-26
L01472,U0168,17500000.0,approved,2024-04-01
L01473,U0509,5300000.0,defaulted,2024-06-19
L01474,U0356,13400000.0,defaulted,2023-09-30
L01475,U0536,12400000.0,rejected,2024-10-30
L01476,U0530,1200000.0,approved,2024-07-06
L01477,U0266,15800000.0,approved,2024-04-19
L01478,U0171,8300000.0,approved,2024-05-06
L01479,U0381,6800000.0,defaulted,2023-11-29
L01480,U0130,1800000.0,approved,2023-05-09
L01481,U0276,11300000.0,approved,2024-04-23
L01482,U0121,3800000.0,approved,2023-04-19
L01483,U0031,10500000.0,rejected,2024-09-01
L01484,U0344,5200000.0,approved,2023-06-10
L01485,U0440,2000000.0,approved,2024-09-23
L01486,U0279,14900000.0,approved,2023-06-10
L01487,U0537,8500000.0,rejected,2024-09-17
L01488,U0066,9500000.0,rejected,2023-02-16
L01489,U0270,12300000.0,approved,2024-03-18
L01490,U0079,10600000.0,rejected,2023-09-30
L01491,U0509,5200000.0,approved,2024-02-18
L01492,U0467,6500000.0,defaulted,2023-08-07
L01493,U0524,8500000.0,approved,2024-04-08
L01494,U0369,3500000.0,defaulted,2024-02-23
L01495,U0057,2600000.0,defaulted,2023-05-11
L01496,U0512,11900000.0,approved,2023-09-09
L01497,U0171,1900000.0,approved,2024-06-30
L01498,U0377,8600000.0,approved,2023-08-16
L01499,U0162,2600000.0,rejected,2023-08-13
L01500,U0262,10500000.0,approved,2024-03-20
L01501,U0106,15700000.0,defaulted,2023-07-27
L01502,U0119,3500000.0,approved,2024-10-28
L01503,U0234,3600000.0,defaulted,2024-02-04
L01504,U0522,11600000.0,rejected,2024-11-30
L01505,U0003,10300000.0,approved,2024-06-11
L01506,U0046,13400000.0,approved,2024-09-25
L01507,U0013,4700000.0,rejected,2023-03-15
L01508,U0251,12700000.0,approved,2023-04-16
L01509,U0048,15000000.0,approved,2024-08-05
L01510,U0484,5700000.0,approved,2024-09-02
L01511,U0373,2400000.0,defaulted,2023-11-16
L01512,U0393,15800000.0,rejected,2024-12-14
L01513,U0154,7100000.0,defaulted,2023-02-16
L01514,U0184,18600000.0,approved,2023-08-04
L01515,U0037,2700000.0,approved,2024-11-04
L01516,U0430,13800000.0,approved,2024-05-24
L01517,U0230,9000000.0,approved,2023-04-09
L01518,U0330,7600000.0,approved,2024-06-28
L01519,U0255,7100000.0,approved,2024-11-03
L01520,U0427,12300000.0,defaulted,2023-04-14
L01521,U0328,1500000.0,approved,2023-07-13
L01522,U0278,6800000.0,approved,2023-04-24
L01523,U0080,19800000.0,defaulted,2024-07-06
L01524,U0382,12700000.0,approved,2023-09-08
L01525,U0123,19800000.0,approved,2024-10-05
L01526,U0515,9400000.0,approved,2023-07-12
L01527,U0054,3800000.0,rejected,2024-08-14
L01528,U0184,1900000.0,approved,2024-10-17
L01529,U0229,16500000.0,approved,2024-06-09
L01530,U0529,4800000.0,approved,2023-11-02
L01531,U0048,8100000.0,rejected,2024-01-16
L01532,U0411,15400000.0,rejected,2023-04-21
L01533,U0071,17200000.0,approved,2024-03-24
L01534,U0477,3100000.0,approved,2024-05-06
L01535,U0290,2000000.0,approved,2023-07-28
L01536,U0319,19000000.0,approved,2024-05-02
L01537,U0336,18600000.0,approved,2023-11-18
L01538,U0089,17500000.0,approved,2023-10-19
L01539,U0468,16600000.0,approved,2023-12-18
L01540,U0009,1300000.0,approved,2023-02-28
L01541,U0378,14200000.0,defaulted,2024-05-07
L01542,U0206,3100000.0,approved,2024-09-09
L01543,U0299,9600000.0,approved,2024-11-14
L01544,U0312,1400000.0,approved,2024-08-20
L01545,U0249,5000000.0,approved,2023-03-14
L01546,U0476,11200000.0,approved,2023-11-09
L01547,U0378,4900000.0,approved,2024-02-05
L01548,U0506,10900000.0,defaulted,2024-08-05
L01549,U0201,5900000.0,approved,2023-08-05
L01550,U0252,10200000.0,approved,2024-06-23
L01551,U0155,14900000.0,approved,2024-12-28
L01552,U0007,3700000.0,approved,2024-11-12
L01553,U0420,14300000.0,rejected,2023-10-14
L01554,U0025,1300000.0,approved,2023-12-20
L01555,U0239,12100000.0,approved,2024-01-15
L01556,U0355,13600000.0,approved,2023-09-12
L01557,U0010,1800000.0,defaulted,2024-03-28
L01558,U0344,4200000.0,defaulted,2023-01-02
L01559,U0002,6400000.0,approved,2024-11-05
L01560,U0386,16000000.0,rejected,2024-08-24
L01561,U0315,12700000.0,rejected,2024-10-20
L01562,U0107,2000000.0,approved,2024-07-23
L01563,U0211,13400000.0,approved,2023-03-14
L01564,U0543,1200000.0,defaulted,2024-07-21
L01565,U0244,8400000.0,defaulted,2023-12-23
L01566,U0430,6200000.0,rejected,2024-05-08
L01567,U0504,17200000.0,approved,2024-05-30
L01568,U0062,13500000.0,approved,2024-06-25
L01569,U0146,17400000.0,approved,2023-10-06
L01570,U0287,1400000.0,approved,2024-10-22
L01571,U0096,17500000.0,approved,2023-02-19
L01572,U0045,13300000.0,approved,2024-09-10
L01573,U0238,5400000.0,defaulted,2024-02-20
L01574,U0533,8200000.0,rejected,2023-11-05
L01575,U0423,19600000.0,rejected,2023-06-19
L01576,U0382,2900000.0,defaulted,2023-11-30
L01577,U0470,7000000.0,approved,2024-10-02
L01578,U0087,17500000.0,defaulted,2023-06-14
L01579,U0098,11100000.0,rejected,2024-01-20
L01580,U0518,4500000.0,approved,2023-07-28
L01581,U0137,10500000.0,defaulted,2023-09-08
L01582,U0404,9700000.0,defaulted,2024-10-05
L01583,U0077,18600000.0,approved,2023-08-09
L01584,U0064,1400000.0,approved,2023-09-20
L01585,U0446,5700000.0,approved,2024-03-01
L01586,U0134,11100000.0,approved,2024-03-24
L01587,U0243,7300000.0,approved,2023-04-12
L01588,U0299,8500000.0,approved,2024-03-15
L01589,U0268,4000000.0,rejected,2024-10-24
L01590,U0323,7600000.0,rejected,2024-01-12
L01591,U0403,7700000.0,approved,2024-09-04
L01592,U0335,12900000.0,defaulted,2023-09-24
L01593,U0326,5500000.0,defaulted,2024-11-25
L01594,U0464,19600000.0,approved,2024-06-14
L01595,U0279,10500000.0,defaulted,2024-08-15
L01596,U0240,16400000.0,defaulted,2023-02-07
L01597,U0077,12900000.0,approved,2023-02-05
L01598,U0208,17700000.0,approved,2023-03-19
L01599,U0140,17900000.0,approved,2024-05-01
L01600,U0112,16500000.0,approved,2024-08-31
L01601,U0160,1600000.0,approved,2024-10-11
L01602,U0109,11500000.0,approved,2023-12-23
L01603,U0169,6300000.0,approved,2023-01-13
L01604,U0461,3900000.0,defaulted,2023-04-07
L01605,U0478,18000000.0,rejected,2024-12-22
L01606,U0322,13500000.0,approved,2024-10-28
L01607,U0417,2700000.0,rejected,2023-05-03
L01608,U0124,8300000.0,approved,2023-12-09
L01609,U0549,19300000.0,approved,2023-12-21
L01610,U0367,12600000.0,approved,2023-01-01
L01611,U0213,12900000.0,rejected,2023-11-29
L01612,U0463,5300000.0,approved,2023-06-07
L01613,U0316,5600000.0,approved,2024-06-18
L01614,U0475,3900000.0,defaulted,2024-12-07
L01615,U0272,19400000.0,defaulted,2023-04-13
L01616,U0123,18300000.0,rejected,2024-11-16
L01617,U0093,7300000.0,rejected,2024-05-19
L01618,U0162,11300000.0,defaulted,2023-08-23
L01619,U0312,4900000.0,approved,2023-05-04
L01620,U0042,3600000.0,approved,2024-11-10
L01621,U0221,11300000.0,approved,2024-12-25
L01622,U0336,16200000.0,approved,2024-11-11
L01623,U0152,17400000.0,approved,2023-08-01
L01624,U0094,6900000.0,approved,2023-03-14
L01625,U0255,14400000.0,defaulted,2024-05-23
L01626,U0365,11000000.0,defaulted,2023-10-07
L01627,U0406,3600000.0,rejected,2023-07-14
L01628,U0526,19900000.0,approved,2023-03-06
L01629,U0051,19500000.0,defaulted,2023-10-16
L01630,U0307,3800000.0,approved,2024-05-31
L01631,U0267,18700000.0,approved,2024-12-03
L01632,U0179,18400000.0,approved,2024-05-19
L01633,U0032,7000000.0,approved,2023-05-09
L01634,U0415,11600000.0,rejected,2023-02-10
L01635,U0464,19000000.0,approved,2023-11-04
L01636,U0256,3200000.0,approved,2024-04-30
L01637,U0097,7000000.0,approved,2023-08-26
L01638,U0474,17700000.0,rejected,2024-07-17
L01639,U0105,14800000.0,approved,2024-06-27
L01640,U0144,15500000.0,defaulted,2024-08-09
L01641,U0125,17700000.0,approved,2023-07-01
L01642,U0013,8900000.0,approved,2023-11-30
L01643,U0064,8800000.0,approved,2024-05-24
L01644,U0228,9400000.0,approved,2023-03-12
L01645,U0134,18700000.0,approved,2024-06-30
L01646,U0203,18000000.0,approved,2023-03-15
L01647,U0411,18700000.0,rejected,2023-01-01
L01648,U0382,6200000.0,approved,2023-06-15
L01649,U0087,15800000.0,defaulted,2024-01-06
L01650,U0266,3000000.0,rejected,2023-03-02
L01651,U0077,4500000.0,defaulted,2023-04-14
L01652,U0023,15500000.0,approved,2024-04-06
L01653,U0067,12600000.0,approved,2023-06-25
L01654,U0203,6100000.0,defaulted,2024-02-08
L01655,U0455,11800000.0,rejected,2024-06-12
L01656,U0132,5400000.0,rejected,2023-12-12
L01657,U0095,5400000.0,defaulted,2023-01-08
L01658,U0340,14100000.0,defaulted,2023-01-07
L01659,U0126,7800000.0,defaulted,2024-06-24
L01660,U0044,14100000.0,defaulted,2023-09-24
L01661,U0473,10100000.0,rejected,2024-09-26
L01662,U0052,10500000.0,defaulted,2023-04-04
L01663,U0173,12500000.0,approved,2024-10-30
L01664,U0444,14500000.0,defaulted,2023-11-25
L01665,U0405,8100000.0,defaulted,2024-06-23
L01666,U0509,17200000.0,approved,2023-04-13
L01667,U0031,10300000.0,approved,2024-01-07
L01668,U0392,3600000.0,defaulted,2023-02-25
L01669,U0437,4700000.0,approved,2023-06-27
L01670,U0177,1600000.0,approved,2023-10-25
L01671,U0363,15500000.0,rejected,2023-03-11
L01672,U0220,1300000.0,approved,2024-07-21
L01673,U0192,6100000.0,approved,2024-09-18
L01674,U0282,8800000.0,approved,2023-03-21
L01675,U0287,15100000.0,approved,2023-03-22
L01676,U0457,19800000.0,rejected,2023-09-01
L01677,U0153,15400000.0,approved,2023-10-13
L01678,U0036,2300000.0,approved,2024-11-15
L01679,U0252,18600000.0,rejected,2023-08-21
L01680,U0303,19700000.0,rejected,2023-04-17
L01681,U0511,17500000.0,approved,2023-10-25
L01682,U0422,10300000.0,approved,2024-08-23
L01683,U0491,7200000.0,approved,2024-09-23
L01684,U0063,9700000.0,defaulted,2024-08-07
L01685,U0090,5700000.0,approved,2024-11-10
L01686,U0287,8700000.0,approved,2023-04-14
L01687,U0393,1800000.0,approved,2024-05-13
L01688,U0141,15000000.0,approved,2024-06-09
L01689,U0430,8200000.0,approved,2023-04-21
L01690,U0205,6900000.0,approved,2023-02-23
L01691,U0539,12600000.0,rejected,2024-02-17
L01692,U0256,15100000.0,approved,2024-03-13
L01693,U0020,12300000.0,approved,2023-01-07
L01694,U0392,11000000.0,defaulted,2024-04-19
L01695,U0368,17600000.0,approved,2024-05-19
L01696,U0492,16000000.0,defaulted,2023-05-08
L01697,U0497,10900000.0,defaulted,2023-12-08
L01698,U0353,9600000.0,rejected,2023-09-30
L01699,U0515,16700000.0,approved,2024-07-15
L01700,U0330,1800000.0,approved,2023-06-15
L01701,U0398,19900000.0,rejected,2024-05-02
L01702,U0277,10900000.0,approved,2024-08-04
L01703,U0185,8500000.0,approved,2023-04-28
L01704,U0027,15000000.0,defaulted,2024-12-15
L01705,U0327,11600000.0,defaulted,2023-11-16
L01706,U0225,10800000.0,rejected,2024-04-23
L01707,U0031,13000000.0,rejected,2024-06-17
L01708,U0288,1900000.0,approved,2023-12-10
L01709,U0060,6500000.0,approved,2024-10-29
L01710,U0484,8600000.0,defaulted,2023-06-18
L01711,U0543,6800000.0,rejected,2023-03-09
L01712,U0367,16700000.0,rejected,2024-11-27
L01713,U0239,9800000.0,approved,2023-03-20
L01714,U0164,9000000.0,approved,2023-04-19
L01715,U0103,12600000.0,approved,2024-08-07
L01716,U0254,2000000.0,approved,2023-04-06
L01717,U0247,10800000.0,defaulted,2024-04-02
L01718,U0273,3700000.0,approved,2024-07-21
L01719,U0547,16800000.0,defaulted,2023-10-26
L01720,U0058,9600000.0,approved,2023-10-01
L01721,U0225,14700000.0,approved,2023-11-30
L01722,U0398,3200000.0,rejected,2023-09-02
L01723,U0364,15800000.0,approved,2024-09-06
L01724,U0178,18800000.0,approved,2023-04-19
L01725,U0181,14200000.0,defaulted,2023-07-12
L01726,U0243,3600000.0,approved,2023-08-04
L01727,U0326,8900000.0,rejected,2024-05-15
L01728,U0368,9600000.0,approved,2023-03-07
L01729,U0029,4400000.0,approved,2023-07-12
L01730,U0361,12200000.0,approved,2024-03-05
L01731,U0146,14500000.0,approved,2024-04-11
L01732,U0193,4800000.0,defaulted,2024-04-11
L01733,U0505,9600000.0,approved,2024-07-14
L01734,U0317,5800000.0,defaulted,2024-04-16
L01735,U0180,14100000.0,approved,2023-08-10
L01736,U0503,18200000.0,defaulted,2024-08-28
L01737,U0039,16100000.0,approved,2024-06-20
L01738,U0093,14600000.0,approved,2023-01-21
L01739,U0058,3300000.0,rejected,2024-10-20
L01740,U0239,3200000.0,approved,2024-10-19
L01741,U0225,9500000.0,approved,2024-05-26
L01742,U0021,7900000.0,approved,2024-11-11
L01743,U0540,11000000.0,rejected,2023-08-23
L01744,U0490,8300000.0,defaulted,2023-06-09
L01745,U0001,16000000.0,approved,2024-02-07
L01746,U0340,10700000.0,approved,2024-04-16
L01747,U0207,19000000.0,approved,2024-01-31
L01748,U0134,8200000.0,approved,2023-05-27
L01749,U0349,8200000.0,rejected,2024-08-03
L01750,U0182,15600000.0,rejected,2023-11-01
L01751,U0332,18300000.0,approved,2023-08-18
L01752,U0061,11700000.0,approved,2024-05-16
L01753,U0023,13500000.0,rejected,2023-02-12
L01754,U0152,3900000.0,approved,2024-08-31
L01755,U0146,17500000.0,approved,2024-11-28
L01756,U0114,4400000.0,defaulted,2024-09-08
L01757,U0539,14500000.0,defaulted,2023-07-05
L01758,U0374,9000000.0,defaulted,2024-01-20
L01759,U0075,6900000.0,rejected,2023-10-27
L01760,U0383,15600000.0,approved,2023-03-29
L01761,U0406,9500000.0,defaulted,2023-07-07
L01762,U0104,12900000.0,defaulted,2024-01-24
L01763,U0345,3200000.0,defaulted,2024-05-10
L01764,U0310,3500000.0,approved,2024-04-06
L01765,U0331,4900000.0,approved,2023-02-25
L01766,U0140,12800000.0,approved,2024-02-15
L01767,U0162,5800000.0,defaulted,2024-11-21
L01768,U0448,9700000.0,approved,2023-01-10
L01769,U0499,17300000.0,approved,2023-10-08
L01770,U0325,11300000.0,defaulted,2024-12-26
L01771,U0179,1100000.0,rejected,2023-09-03
L01772,U0366,17800000.0,approved,2023-04-13
L01773,U0229,5500000.0,approved,2023-10-28
L01774,U0180,12200000.0,approved,2024-10-30
L01775,U0388,10000000.0,rejected,2024-10-13
L01776,U0315,8800000.0,defaulted,2024-03-17
L01777,U0302,2500000.0,approved,2023-11-23
L01778,U0131,12400000.0,approved,2023-10-11
L01779,U0182,5600000.0,approved,2024-02-29
L01780,U0002,11400000.0,defaulted,2024-06-14
L01781,U0401,12800000.0,defaulted,2023-05-15
L01782,U0034,11600000.0,defaulted,2024-08-15
L01783,U0187,16700000.0,rejected,2024-01-01
L01784,U0326,1900000.0,defaulted,2024-08-21
L01785,U0227,3800000.0,approved,2023-02-26
L01786,U0107,13400000.0,approved,2023-01-13
L01787,U0509,1700000.0,approved,2024-04-01
L01788,U0145,17200000.0,approved,2023-02-22
L01789,U0340,13700000.0,approved,2023-01-11
L01790,U0080,16900000.0,defaulted,2023-07-23
L01791,U0244,6700000.0,defaulted,2023-06-17
L01792,U0356,18500000.0,approved,2023-01-31
L01793,U0328,1900000.0,rejected,2024-12-17
L01794,U0172,8900000.0,approved,2023-02-16
L01795,U0091,4400000.0,approved,2024-09-05
L01796,U0344,13800000.0,approved,2023-11-06
L01797,U0458,12600000.0,approved,2024-01-29
L01798,U0012,14100000.0,defaulted,2023-08-11
L01799,U0272,12300000.0,approved,2024-05-03
L01800,U0215,16000000.0,approved,2024-07-07
L01801,U0256,4400000.0,defaulted,2024-01-25
L01802,U0070,9700000.0,approved,2024-08-18
L01803,U0359,12000000.0,approved,2023-11-19
L01804,U0263,18700000.0,defaulted,2023-11-26
L01805,U0111,2800000.0,defaulted,2024-06-29
L01806,U0002,6700000.0,rejected,2023-11-09
L01807,U0050,8000000.0,approved,2023-03-06
L01808,U0396,8200000.0,approved,2024-05-12
L01809,U0449,2300000.0,approved,2024-02-21
L01810,U0430,9100000.0,defaulted,2024-02-22
L01811,U0171,11500000.0,approved,2024-04-23
L01812,U0424,6600000.0,approved,2023-04-29
L01813,U0505,3600000.0,defaulted,2023-08-04
L01814,U0388,14200000.0,approved,2023-03-06
L01815,U0360,6200000.0,approved,2023-08-29
L01816,U0385,11000000.0,defaulted,2023-03-03
L01817,U0104,11000000.0,approved,2024-02-02
L01818,U0491,14200000.0,rejected,2024-12-16
L01819,U0231,12600000.0,rejected,2023-06-07
L01820,U0167,3100000.0,rejected,2024-09-19
L01821,U0463,14900000.0,approved,2023-05-01
L01822,U0076,13000000.0,rejected,2024-02-21
L01823,U0035,19800000.0,defaulted,2023-09-11
L01824,U0302,10200000.0,approved,2023-10-31
L01825,U0021,14100000.0,approved,2024-03-31
L01826,U0327,18700000.0,approved,2024-05-07
L01827,U0268,19700000.0,approved,2024-08-15
L01828,U0108,6500000.0,defaulted,2024-10-10
L01829,U0076,12600000.0,defaulted,2024-05-19
L01830,U0351,7000000.0,defaulted,2024-06-12
L01831,U0175,11000000.0,defaulted,2024-05-14
L01832,U0385,19900000.0,approved,2023-02-21
L01833,U0165,7700000.0,approved,2023-08-29
L01834,U0077,3500000.0,approved,2024-06-26
L01835,U0096,11700000.0,approved,2023-12-06
L01836,U0347,10900000.0,rejected,2024-07-20
L01837,U0495,13000000.0,approved,2024-10-19
L01838,U0032,10400000.0,approved,2023-07-05
L01839,U0442,4400000.0,defaulted,2023-02-14
L01840,U0169,12600000.0,rejected,2023-07-09
L01841,U0445,14500000.0,approved,2023-03-08
L01842,U0161,19600000.0,approved,2024-12-19
L01843,U0055,1000000.0,rejected,2023-12-04
L01844,U0104,1500000.0,approved,2023-04-01
L01845,U0340,12900000.0,approved,2023-12-19
L01846,U0211,3200000.0,approved,2024-04-20
L01847,U0195,17100000.0,approved,2024-04-17
L01848,U0420,16200000.0,approved,2023-02-12
L01849,U0554,20000000.0,approved,2023-08-29
L01850,U0272,8900000.0,approved,2024-06-01
L01851,U0289,7300000.0,approved,2024-07-30
L01852,U0305,11600000.0,approved,2024-05-26
L01853,U0244,13100000.0,approved,2024-07-29
L01854,U0099,1200000.0,approved,2023-05-17
L01855,U0051,4800000.0,rejected,2023-04-03
L01856,U0403,6400000.0,approved,2023-01-10
L01857,U0503,16000000.0,rejected,2024-07-03
L01858,U0158,6800000.0,rejected,2023-04-17
L01859,U0056,10600000.0,approved,2024-06-28
L01860,U0370,7200000.0,approved,2023-01-09
L01861,U0004,1100000.0,defaulted,2023-05-08
L01862,U0438,14000000.0,approved,2024-01-21
L01863,U0090,7500000.0,defaulted,2023-09-27
L01864,U0302,14800000.0,rejected,2024-02-11
L01865,U0492,12700000.0,approved,2024-02-06
L01866,U0205,1600000.0,approved,2024-08-31
L01867,U0100,4300000.0,approved,2024-09-30
L01868,U0027,7300000.0,defaulted,2024-07-13
L01869,U0212,7400000.0,rejected,2023-07-21
L01870,U0175,13800000.0,approved,2023-05-10
L01871,U0299,18400000.0,rejected,2023-10-16
L01872,U0084,16100000.0,defaulted,2023-04-09
L01873,U0485,13300000.0,approved,2024-08-05
L01874,U0119,10100000.0,approved,2024-08-29
L01875,U0316,12900000.0,approved,2024-11-09
L01876,U0408,17900000.0,approved,2023-07-28
L01877,U0483,11200000.0,approved,2024-07-23
L01878,U0501,7400000.0,approved,2024-11-19
L01879,U0272,15900000.0,rejected,2023-04-02
L01880,U0094,8900000.0,approved,2024-08-22
L01881,U0397,15100000.0,approved,2024-11-29
L01882,U0190,16900000.0,defaulted,2023-01-23
L01883,U0380,6700000.0,approved,2023-09-18
L01884,U0391,14800000.0,approved,2024-09-18
L01885,U0379,7000000.0,approved,2023-11-30
L01886,U0192,11200000.0,rejected,2023-07-31
L01887,U0457,5000000.0,rejected,2024-02-11
L01888,U0046,14000000.0,approved,2023-02-19
L01889,U0270,16200000.0,rejected,2023-07-24
L01890,U0451,17900000.0,approved,2024-07-07
L01891,U0477,7700000.0,approved,2024-03-23
L01892,U0270,19400000.0,approved,2024-05-02
L01893,U0232,6300000.0,rejected,2023-03-01
L01894,U0276,1600000.0,approved,2024-01-21
L01895,U0064,19700000.0,approved,2023-12-20
L01896,U0155,12900000.0,approved,2024-02-01
L01897,U0100,17000000.0,rejected,2023-10-07
L01898,U0088,11800000.0,defaulted,2023-02-13
L01899,U0353,8400000.0,approved,2024-01-24
L01900,U0424,12300000.0,defaulted,2024-10-29
L01901,U0233,17400000.0,defaulted,2024-03-16
L01902,U0063,15300000.0,defaulted,2023-05-10
L01903,U0397,14400000.0,approved,2023-10-13
L01904,U0536,7000000.0,approved,2023-05-03
L01905,U0429,1600000.0,approved,2023-07-18
L01906,U0549,8900000.0,approved,2024-08-23
L01907,U0487,10400000.0,rejected,2023-03-21
L01908,U0242,5500000.0,approved,2024-11-25
L01909,U0488,9600000.0,defaulted,2024-03-21
L01910,U0307,19100000.0,defaulted,2024-06-07
L01911,U0081,5100000.0,approved,2024-07-15
L01912,U0405,6700000.0,approved,2023-03-31
L01913,U0036,3100000.0,approved,2023-06-27
L01914,U0515,15900000.0,approved,2024-07-29
L01915,U0530,15800000.0,rejected,2024-01-31
L01916,U0151,18400000.0,rejected,2023-01-02
L01917,U0124,9400000.0,defaulted,2023-02-04
L01918,U0460,1500000.0,defaulted,2024-10-28
L01919,U0178,10200000.0,rejected,2024-11-01
L01920,U0172,10500000.0,defaulted,2023-01-10
L01921,U0217,4600000.0,approved,2023-07-09
L01922,U0198,18500000.0,defaulted,2023-02-05
L01923,U0130,14900000.0,defaulted,2024-01-02
L01924,U0044,10900000.0,approved,2023-10-10
L01925,U0434,15700000.0,approved,2023-10-25
L01926,U0081,3700000.0,approved,2024-12-15
L01927,U0446,17600000.0,approved,2023-04-27
L01928,U0207,16600000.0,defaulted,2023-05-20
L01929,U0152,18800000.0,approved,2024-12-24
L01930,U0265,13900000.0,approved,2024-10-28
L01931,U0328,3500000.0,approved,2023-01-28
L01932,U0069,14800000.0,approved,2024-03-05
L01933,U0090,9700000.0,approved,2024-09-15
L01934,U0398,14600000.0,rejected,2024-12-10
L01935,U0407,10900000.0,approved,2024-07-08
L01936,U0334,1100000.0,rejected,2024-07-29
L01937,U0283,18700000.0,approved,2024-05-24
L01938,U0533,14100000.0,approved,2023-11-22
L01939,U0470,12300000.0,defaulted,2023-06-24
L01940,U0013,2700000.0,approved,2023-09-07
L01941,U0536,9900000.0,defaulted,2023-07-12
L01942,U0430,1900000.0,rejected,2023-11-20
L01943,U0116,10900000.0,approved,2024-12-12
L01944,U0425,13500000.0,rejected,2024-07-13
L01945,U0154,6900000.0,defaulted,2023-09-06
L01946,U0152,12000000.0,approved,2023-07-30
L01947,U0103,6900000.0,approved,2024-10-03
L01948,U0109,18000000.0,rejected,2023-03-02
L01949,U0104,7100000.0,approved,2024-03-19
L01950,U0293,4700000.0,approved,2023-10-17
L01951,U0549,6300000.0,approved,2023-04-03
L01952,U0353,7100000.0,rejected,2024-01-25
L01953,U0421,9400000.0,approved,2024-06-06
L01954,U0271,3200000.0,approved,2024-12-01
L01955,U0393,3800000.0,approved,2023-02-10
L01956,U0498,6200000.0,approved,2023-05-20
L01957,U0485,1300000.0,approved,2023-06-23
L01958,U0039,12800000.0,approved,2024-09-16
L01959,U0177,10800000.0,approved,2024-02-05
L01960,U0283,4900000.0,approved,2023-02-05
L01961,U0413,7700000.0,approved,2023-11-08
L01962,U0148,7100000.0,approved,2023-02-23
L01963,U0412,3700000.0,approved,2024-11-12
L01964,U0040,14400000.0,defaulted,2023-12-28
L01965,U0406,6400000.0,approved,2024-11-03
L01966,U0340,5700000.0,approved,2023-08-08
L01967,U0244,2400000.0,approved,2024-08-23
L01968,U0051,12700000.0,approved,2024-10-18
L01969,U0487,7400000.0,approved,2023-08-30
L01970,U0276,9400000.0,approved,2023-09-12
L01971,U0382,3500000.0,approved,2023-03-09
L01972,U0021,9900000.0,approved,2024-03-05
L01973,U0346,13800000.0,rejected,2023-12-21
L01974,U0311,3000000.0,approved,2023-01-07
L01975,U0319,2000000.0,approved,2023-10-14
L01976,U0288,9100000.0,defaulted,2023-06-05
L01977,U0504,4400000.0,approved,2023-08-15
L01978,U0101,12300000.0,approved,2024-03-13
L01979,U0234,12300000.0,defaulted,2024-09-01
L01980,U0138,16900000.0,approved,2023-08-25
L01981,U0308,14300000.0,approved,2024-07-28
L01982,U0454,12700000.0,approved,2024-04-28
L01983,U0329,6900000.0,approved,2023-07-08
L01984,U0276,16500000.0,approved,2023-12-27
L01985,U0427,14500000.0,approved,2023-10-14
L01986,U0092,13700000.0,approved,2024-04-04
L01987,U0193,11100000.0,approved,2024-01-19
L01988,U0453,19500000.0,rejected,2024-08-23
L01989,U0217,15400000.0,approved,2024-08-25
L01990,U0417,9800000.0,rejected,2023-06-01
L01991,U0497,3500000.0,defaulted,2024-07-22
L01992,U0529,16400000.0,approved,2024-11-30
L01993,U0383,18500000.0,approved,2024-02-29
L01994,U0058,9900000.0,defaulted,2024-08-13
L01995,U0528,9700000.0,approved,2024-09-10
L01996,U0163,14000000.0,approved,2023-07-10
L01997,U0068,14500000.0,approved,2023-04-27
L01998,U0319,9800000.0,defaulted,2023-01-05
L01999,U0519,5400000.0,approved,2024-12-25
L02000,U0414,5300000.0,rejected,2023-11-15
