repayment_id,loan_id,payment_amount,payment_date
R00001,L01002,1600000.0,2023-06-19
R00002,L01002,1600000.0,2023-11-28
R00003,L01002,1600000.0,2024-07-25
R00004,L00155,4420753.05619283,2024-02-25
R00005,L00155,4420753.05619283,2024-10-06
R00006,L00437,1625000.0,2023-06-08
R00007,L00437,1625000.0,2024-11-20
R00008,L00437,1625000.0,2025-03-14
R00009,L00437,1625000.0,2025-04-12
R00010,L00853,3550000.0,2023-06-02
R00011,L00853,3550000.0,2024-02-16
R00012,L00853,3550000.0,2024-10-23
R00013,L00853,3550000.0,2025-01-10
R00014,L01672,650000.0,2024-03-19
R00015,L01672,650000.0,2025-03-21
R00016,L01215,4100000.0,2023-08-20
R00017,L01215,4100000.0,2024-01-25
R00018,L01215,4100000.0,2024-12-16
R00019,L01215,4100000.0,2024-12-25
R00020,L01875,4300000.0,2023-11-07
R00021,L01875,4300000.0,2023-12-02
R00022,L01875,4300000.0,2024-07-16
R00023,L00885,2232194.798280425,2023-07-17
R00024,L00885,2232194.798280425,2024-04-22
R00025,L00885,2232194.798280425,2024-06-17
R00026,L00760,10800000.0,2023-09-19
R00027,L01986,4566666.666666667,2023-08-12
R00028,L01986,4566666.666666667,2024-01-04
R00029,L01986,4566666.666666667,2024-12-04
R00030,L00634,1075902.4377582003,2023-07-05
R00031,L00634,1075902.4377582003,2025-05-16
R00032,L01891,2566666.6666666665,2023-11-27
R00033,L01891,2566666.6666666665,2025-03-18
R00034,L01891,2566666.6666666665,2025-04-27
R00035,L01914,5300000.0,2024-04-16
R00036,L01914,5300000.0,2024-07-08
R00037,L01914,5300000.0,2024-11-26
R00038,L01966,1900000.0,2024-03-16
R00039,L01966,1900000.0,2024-05-22
R00040,L01966,1900000.0,2025-04-26
R00041,L00272,408198.6350994569,2023-08-05
R00042,L00272,408198.6350994569,2024-08-25
R00043,L00272,408198.6350994569,2025-01-01
R00044,L01268,4333333.333333333,2023-08-14
R00045,L01268,4333333.333333333,2023-09-12
R00046,L01268,4333333.333333333,2024-06-27
R00047,L00037,2933333.3333333335,2024-04-02
R00048,L00037,2933333.3333333335,2024-10-07
R00049,L00037,2933333.3333333335,2025-02-26
R00050,L01167,19400000.0,2023-07-29
R00051,L00597,2100000.0,2023-07-19
R00052,L00597,2100000.0,2024-05-03
R00053,L00597,2100000.0,2024-08-15
R00054,L00597,2100000.0,2024-09-02
R00055,L00167,2073225.0165511968,2023-09-10
R00056,L00167,2073225.0165511968,2023-12-01
R00057,L00167,2073225.0165511968,2024-01-13
R00058,L00167,2073225.0165511968,2024-10-27
R00059,L00083,13900000.0,2023-12-20
R00060,L00124,12100000.0,2025-03-22
R00061,L01941,1338745.2913991183,2024-01-31
R00062,L01941,1338745.2913991183,2024-04-01
R00063,L01941,1338745.2913991183,2025-02-12
R00064,L01941,1338745.2913991183,2025-05-20
R00065,L01653,4200000.0,2024-11-26
R00066,L01653,4200000.0,2024-12-23
R00067,L01653,4200000.0,2025-03-08
R00068,L00036,4235957.649635729,2024-02-09
R00069,L00931,5400000.0,2024-02-03
R00070,L00669,1750000.0,2023-07-29
R00071,L00669,1750000.0,2023-11-29
R00072,L00669,1750000.0,2023-12-29
R00073,L00669,1750000.0,2024-05-17
R00074,L00209,8900000.0,2023-11-05
R00075,L00345,1100000.0,2023-09-14
R00076,L00345,1100000.0,2025-01-19
R00077,L00345,1100000.0,2025-01-26
R00078,L00341,3193839.4878222016,2023-08-24
R00079,L00341,3193839.4878222016,2024-08-28
R00080,L01885,2333333.3333333335,2023-08-22
R00081,L01885,2333333.3333333335,2023-09-29
R00082,L01885,2333333.3333333335,2023-10-06
R00083,L01709,1625000.0,2024-01-30
R00084,L01709,1625000.0,2024-04-11
R00085,L01709,1625000.0,2024-05-15
R00086,L01709,1625000.0,2024-05-27
R00087,L01792,9250000.0,2023-09-02
R00088,L01792,9250000.0,2024-07-21
R00089,L00604,3175000.0,2023-11-09
R00090,L00604,3175000.0,2024-03-05
R00091,L00604,3175000.0,2024-05-17
R00092,L00604,3175000.0,2025-01-19
R00093,L00313,3700000.0,2024-01-26
R00094,L00313,3700000.0,2024-05-25
R00095,L00308,7800000.0,2023-12-23
R00096,L00308,7800000.0,2025-03-24
R00097,L01530,2400000.0,2023-08-10
R00098,L01530,2400000.0,2023-09-02
R00099,L01867,2150000.0,2023-10-01
R00100,L01867,2150000.0,2025-02-17
R00101,L01160,8650000.0,2024-01-23
R00102,L01160,8650000.0,2024-11-14
R00103,L01134,2621029.5549801937,2024-11-23
R00104,L01134,2621029.5549801937,2024-11-29
R00105,L01134,2621029.5549801937,2025-03-03
R00106,L00488,1668134.3505870078,2023-07-02
R00107,L00488,1668134.3505870078,2023-11-15
R00108,L00488,1668134.3505870078,2024-09-11
R00109,L00028,6400000.0,2025-03-11
R00110,L00731,3375000.0,2023-08-10
R00111,L00731,3375000.0,2023-09-24
R00112,L00731,3375000.0,2024-02-10
R00113,L00731,3375000.0,2025-03-27
R00114,L00039,3627856.883788668,2023-12-10
R00115,L00039,3627856.883788668,2024-03-03
R00116,L00039,3627856.883788668,2024-12-04
R00117,L00601,4600000.0,2023-07-09
R00118,L00601,4600000.0,2024-04-03
R00119,L00601,4600000.0,2024-07-03
R00120,L00087,735640.1213887846,2023-12-20
R00121,L00087,735640.1213887846,2024-01-19
R00122,L00087,735640.1213887846,2024-11-07
R00123,L00087,735640.1213887846,2025-02-26
R00124,L00627,9200000.0,2023-06-25
R00125,L00627,9200000.0,2023-10-14
R00126,L00739,2000000.0,2024-04-10
R00127,L00739,2000000.0,2024-05-17
R00128,L00739,2000000.0,2024-08-05
R00129,L00739,2000000.0,2025-03-25
R00130,L00522,4233333.333333333,2023-12-12
R00131,L00522,4233333.333333333,2024-08-01
R00132,L00522,4233333.333333333,2025-01-02
R00133,L01535,2000000.0,2023-08-13
R00134,L00513,3492000.6436752398,2023-08-19
R00135,L00513,3492000.6436752398,2024-05-24
R00136,L00866,522222.8981818927,2023-09-03
R00137,L00866,522222.8981818927,2023-09-17
R00138,L00866,522222.8981818927,2025-02-06
R00139,L00866,522222.8981818927,2025-02-14
R00140,L01628,6633333.333333333,2023-06-10
R00141,L01628,6633333.333333333,2023-07-18
R00142,L01628,6633333.333333333,2025-03-06
R00143,L01001,4059196.920259361,2025-01-27
R00144,L00225,1865953.5792410104,2023-11-20
R00145,L01331,250000.0,2023-09-10
R00146,L01331,250000.0,2023-11-01
R00147,L01331,250000.0,2024-04-07
R00148,L01331,250000.0,2025-03-01
R00149,L01067,2733333.3333333335,2024-03-16
R00150,L01067,2733333.3333333335,2024-10-02
R00151,L01067,2733333.3333333335,2024-11-15
R00152,L01748,2050000.0,2023-08-05
R00153,L01748,2050000.0,2024-08-26
R00154,L01748,2050000.0,2024-10-13
R00155,L01748,2050000.0,2025-05-29
R00156,L01621,3766666.6666666665,2023-12-19
R00157,L01621,3766666.6666666665,2024-08-29
R00158,L01621,3766666.6666666665,2025-05-13
R00159,L01050,3373269.0732782073,2025-02-21
R00160,L00903,1025000.0,2023-06-17
R00161,L00903,1025000.0,2023-07-21
R00162,L00903,1025000.0,2023-07-29
R00163,L00903,1025000.0,2023-11-01
R00164,L01304,10106523.076194301,2025-05-01
R00165,L00251,5400000.0,2024-10-14
R00166,L00075,6700000.0,2024-05-10
R00167,L01017,180575.4429572583,2023-08-11
R00168,L01017,180575.4429572583,2023-09-09
R00169,L01017,180575.4429572583,2025-02-18
R00170,L01017,180575.4429572583,2025-05-03
R00171,L00757,3950000.0,2025-03-06
R00172,L00757,3950000.0,2025-03-20
R00173,L01342,2100000.0,2023-07-04
R00174,L01342,2100000.0,2023-09-04
R00175,L01342,2100000.0,2024-02-13
R00176,L01342,2100000.0,2025-02-18
R00177,L00371,5200000.0,2024-05-24
R00178,L01766,12800000.0,2023-07-10
R00179,L00508,10800000.0,2023-10-09
R00180,L01292,1333333.3333333333,2024-05-02
R00181,L01292,1333333.3333333333,2024-08-19
R00182,L01292,1333333.3333333333,2025-05-18
R00183,L00326,3300000.0,2024-04-02
R00184,L00326,3300000.0,2024-06-20
R00185,L00326,3300000.0,2024-12-14
R00186,L00326,3300000.0,2025-02-28
R00187,L00475,17400000.0,2023-06-23
R00188,L01390,2750000.0,2023-10-13
R00189,L01390,2750000.0,2024-03-24
R00190,L01390,2750000.0,2024-04-27
R00191,L01390,2750000.0,2024-11-12
R00192,L01391,5700000.0,2024-03-01
R00193,L00658,917159.2620069316,2023-10-24
R00194,L00658,917159.2620069316,2023-11-14
R00195,L00658,917159.2620069316,2025-05-06
R00196,L01601,1600000.0,2023-12-31
R00197,L00655,4975000.0,2023-09-24
R00198,L00655,4975000.0,2024-01-04
R00199,L00655,4975000.0,2024-05-12
R00200,L00655,4975000.0,2025-04-17
R00201,L01456,2130113.6633232227,2023-06-27
R00202,L01554,1300000.0,2024-09-19
R00203,L00975,6050000.0,2024-09-22
R00204,L00975,6050000.0,2024-09-23
R00205,L01546,5600000.0,2023-12-08
R00206,L01546,5600000.0,2024-10-15
R00207,L01839,628051.3608703339,2024-01-16
R00208,L01839,628051.3608703339,2024-04-16
R00209,L01839,628051.3608703339,2024-06-22
R00210,L00997,1028124.7046972142,2023-07-18
R00211,L00997,1028124.7046972142,2024-06-07
R00212,L00997,1028124.7046972142,2024-08-01
R00213,L00997,1028124.7046972142,2025-04-16
R00214,L00340,4850000.0,2023-08-08
R00215,L00340,4850000.0,2024-01-04
R00216,L01101,1075000.0,2023-09-15
R00217,L01101,1075000.0,2023-11-02
R00218,L01101,1075000.0,2024-03-24
R00219,L01101,1075000.0,2024-04-21
R00220,L00732,9700000.0,2024-10-12
R00221,L00732,9700000.0,2025-04-18
R00222,L01029,4000000.0,2023-12-11
R00223,L01029,4000000.0,2024-07-13
R00224,L01029,4000000.0,2025-02-09
R00225,L01041,14100000.0,2024-10-02
R00226,L01834,1750000.0,2024-07-27
R00227,L01834,1750000.0,2025-02-13
R00228,L00519,7100000.0,2025-02-07
R00229,L00812,4150000.0,2023-06-16
R00230,L00812,4150000.0,2024-03-24
R00231,L00812,4150000.0,2024-12-06
R00232,L00812,4150000.0,2025-01-28
R00233,L01868,1473736.1796993022,2024-03-05
R00234,L01868,1473736.1796993022,2024-06-07
R00235,L00696,3733333.3333333335,2024-06-11
R00236,L00696,3733333.3333333335,2024-07-27
R00237,L00696,3733333.3333333335,2025-01-27
R00238,L00063,2025000.0,2024-02-23
R00239,L00063,2025000.0,2024-06-25
R00240,L00063,2025000.0,2024-08-13
R00241,L00063,2025000.0,2025-05-09
R00242,L01406,1333333.3333333333,2023-12-28
R00243,L01406,1333333.3333333333,2024-02-05
R00244,L01406,1333333.3333333333,2024-03-28
R00245,L01652,7750000.0,2023-06-21
R00246,L01652,7750000.0,2023-10-18
R00247,L01924,10900000.0,2024-02-03
R00248,L01683,1800000.0,2023-06-23
R00249,L01683,1800000.0,2023-11-18
R00250,L01683,1800000.0,2024-09-06
R00251,L01683,1800000.0,2025-04-26
R00252,L00201,2950000.0,2025-01-25
R00253,L00201,2950000.0,2025-02-19
R00254,L01954,1600000.0,2023-07-16
R00255,L01954,1600000.0,2024-01-05
R00256,L01947,2300000.0,2024-06-01
R00257,L01947,2300000.0,2024-07-16
R00258,L01947,2300000.0,2025-02-18
R00259,L01267,1200869.303490061,2023-11-28
R00260,L01267,1200869.303490061,2024-03-04
R00261,L01267,1200869.303490061,2024-08-27
R00262,L01267,1200869.303490061,2025-01-16
R00263,L01121,7000000.0,2023-10-02
R00264,L01935,3633333.3333333335,2023-08-17
R00265,L01935,3633333.3333333335,2023-12-10
R00266,L01935,3633333.3333333335,2024-10-23
R00267,L01526,3133333.3333333335,2023-12-05
R00268,L01526,3133333.3333333335,2023-12-25
R00269,L01526,3133333.3333333335,2024-07-19
R00270,L00575,4566666.666666667,2025-02-04
R00271,L00575,4566666.666666667,2025-02-24
R00272,L00575,4566666.666666667,2025-05-13
R00273,L00395,6100000.0,2023-07-14
R00274,L00395,6100000.0,2024-12-24
R00275,L00613,1300000.0,2023-11-18
R00276,L00613,1300000.0,2025-01-14
R00277,L00300,9250000.0,2024-08-21
R00278,L00300,9250000.0,2025-03-19
R00279,L00730,9500000.0,2024-03-28
R00280,L00730,9500000.0,2025-02-09
R00281,L00948,18400000.0,2024-03-02
R00282,L01149,1353563.363765769,2025-03-13
R00283,L01149,1353563.363765769,2025-05-27
R00284,L00135,4800000.0,2025-03-18
R00285,L01937,18700000.0,2023-10-13
R00286,L00723,8550000.0,2023-10-15
R00287,L00723,8550000.0,2023-12-01
R00288,L01247,2400000.0,2024-09-03
R00289,L00665,4500000.0,2024-02-03
R00290,L00665,4500000.0,2024-12-25
R00291,L00665,4500000.0,2025-02-16
R00292,L00382,7350000.0,2024-03-05
R00293,L00382,7350000.0,2024-11-23
R00294,L00214,4733333.333333333,2023-06-22
R00295,L00214,4733333.333333333,2024-09-02
R00296,L00214,4733333.333333333,2025-05-10
R00297,L01480,450000.0,2024-02-29
R00298,L01480,450000.0,2024-08-14
R00299,L01480,450000.0,2024-11-26
R00300,L01480,450000.0,2024-11-28
R00301,L00438,3800000.0,2023-09-19
R00302,L00438,3800000.0,2024-08-11
R00303,L00451,4450000.0,2023-10-25
R00304,L00451,4450000.0,2024-08-11
R00305,L00528,1413455.4592179784,2025-02-19
R00306,L00528,1413455.4592179784,2025-03-11
R00307,L00528,1413455.4592179784,2025-04-15
R00308,L00065,6300000.0,2024-06-17
R00309,L00065,6300000.0,2024-07-26
R00310,L00089,4200000.0,2023-10-15
R00311,L00089,4200000.0,2024-01-27
R00312,L01668,676709.9737009342,2023-06-30
R00313,L01668,676709.9737009342,2023-08-10
R00314,L01668,676709.9737009342,2024-06-15
R00315,L01016,11300000.0,2023-07-14
R00316,L00097,5300000.0,2023-11-17
R00317,L00097,5300000.0,2023-11-28
R00318,L00097,5300000.0,2024-09-10
R00319,L01604,301533.3918206002,2023-06-01
R00320,L01604,301533.3918206002,2023-06-16
R00321,L01604,301533.3918206002,2024-06-06
R00322,L01604,301533.3918206002,2024-07-13
R00323,L00474,15100000.0,2024-02-13
R00324,L01582,3294493.2069337205,2024-09-20
R00325,L01582,3294493.2069337205,2025-05-13
R00326,L01074,6633333.333333333,2023-09-10
R00327,L01074,6633333.333333333,2023-11-04
R00328,L01074,6633333.333333333,2025-02-16
R00329,L00573,227527.5318298257,2023-10-16
R00330,L00573,227527.5318298257,2024-02-20
R00331,L00573,227527.5318298257,2024-12-08
R00332,L01533,4300000.0,2025-02-13
R00333,L01533,4300000.0,2025-03-17
R00334,L01533,4300000.0,2025-04-05
R00335,L01533,4300000.0,2025-05-14
R00336,L00154,675000.0,2023-06-18
R00337,L00154,675000.0,2023-07-17
R00338,L00154,675000.0,2023-09-23
R00339,L00154,675000.0,2024-02-07
R00340,L01018,5100000.0,2024-08-29
R00341,L01018,5100000.0,2024-11-29
R00342,L01751,9150000.0,2023-09-19
R00343,L01751,9150000.0,2025-05-13
R00344,L00849,4100000.0,2023-08-26
R00345,L00849,4100000.0,2025-01-22
R00346,L00375,2166666.6666666665,2024-07-13
R00347,L00375,2166666.6666666665,2025-03-19
R00348,L00375,2166666.6666666665,2025-03-30
R00349,L00305,3500000.0,2023-07-27
R00350,L00305,3500000.0,2024-03-10
R00351,L00666,966666.6666666666,2024-03-17
R00352,L00666,966666.6666666666,2024-10-27
R00353,L00666,966666.6666666666,2024-11-29
R00354,L01821,14900000.0,2024-04-03
R00355,L00085,4500000.0,2023-08-18
R00356,L00085,4500000.0,2024-02-17
R00357,L00085,4500000.0,2024-08-29
R00358,L00599,5337186.223703916,2024-01-21
R00359,L00174,3050000.0,2023-09-14
R00360,L00174,3050000.0,2023-10-01
R00361,L00174,3050000.0,2024-02-06
R00362,L00174,3050000.0,2024-12-20
R00363,L01637,1750000.0,2024-05-05
R00364,L01637,1750000.0,2024-06-13
R00365,L01637,1750000.0,2024-10-09
R00366,L01637,1750000.0,2025-02-05
R00367,L01381,157858.14679051604,2023-10-14
R00368,L01381,157858.14679051604,2024-02-02
R00369,L01381,157858.14679051604,2024-10-17
R00370,L01381,157858.14679051604,2024-12-01
R00371,L00656,9800000.0,2024-08-10
R00372,L01124,4400000.0,2024-11-20
R00373,L01124,4400000.0,2025-04-21
R00374,L01124,4400000.0,2025-05-22
R00375,L01615,12097265.751890829,2024-09-19
R00376,L01249,1566666.6666666667,2023-11-21
R00377,L01249,1566666.6666666667,2024-03-04
R00378,L01249,1566666.6666666667,2025-02-01
R00379,L00954,8987937.36247903,2024-10-29
R00380,L01322,1324306.2640253159,2023-10-15
R00381,L01322,1324306.2640253159,2024-08-31
R00382,L01322,1324306.2640253159,2025-02-22
R00383,L00471,4155135.0154704135,2024-01-25
R00384,L00471,4155135.0154704135,2024-03-20
R00385,L01911,1700000.0,2024-01-15
R00386,L01911,1700000.0,2024-11-16
R00387,L01911,1700000.0,2024-12-22
R00388,L00370,5133333.333333333,2023-09-07
R00389,L00370,5133333.333333333,2023-10-17
R00390,L00370,5133333.333333333,2024-12-18
R00391,L00500,6250000.0,2023-06-02
R00392,L00500,6250000.0,2024-11-27
R00393,L01736,3951524.018686186,2024-03-31
R00394,L01736,3951524.018686186,2024-08-18
R00395,L01736,3951524.018686186,2025-03-22
R00396,L01326,476001.33154537034,2023-06-26
R00397,L01326,476001.33154537034,2024-08-14
R00398,L01326,476001.33154537034,2025-01-19
R00399,L01422,1450000.0,2023-10-20
R00400,L01422,1450000.0,2024-02-03
R00401,L01422,1450000.0,2024-09-10
R00402,L01422,1450000.0,2025-05-16
R00403,L01448,2700000.0,2024-09-17
R00404,L01448,2700000.0,2025-02-18
R00405,L01336,8650000.0,2023-11-19
R00406,L01336,8650000.0,2024-10-09
R00407,L00787,700000.0,2023-08-20
R00408,L00787,700000.0,2024-08-13
R00409,L01702,2725000.0,2023-09-18
R00410,L01702,2725000.0,2024-02-13
R00411,L01702,2725000.0,2024-06-20
R00412,L01702,2725000.0,2025-05-28
R00413,L01912,2233333.3333333335,2023-07-31
R00414,L01912,2233333.3333333335,2023-12-02
R00415,L01912,2233333.3333333335,2024-12-30
R00416,L00299,875000.0,2023-10-09
R00417,L00299,875000.0,2024-02-04
R00418,L00299,875000.0,2024-02-25
R00419,L00299,875000.0,2024-10-07
R00420,L00896,644457.1404106241,2023-08-08
R00421,L00896,644457.1404106241,2025-02-28
R00422,L00896,644457.1404106241,2025-04-18
R00423,L01804,3673000.4480227884,2024-10-09
R00424,L01804,3673000.4480227884,2024-11-02
R00425,L01804,3673000.4480227884,2024-12-02
R00426,L00892,4500000.0,2024-02-16
R00427,L00892,4500000.0,2024-12-18
R00428,L00892,4500000.0,2025-04-19
R00429,L01545,1250000.0,2023-06-09
R00430,L01545,1250000.0,2023-11-10
R00431,L01545,1250000.0,2023-12-23
R00432,L01545,1250000.0,2024-05-12
R00433,L01697,6317699.641220064,2023-12-11
R00434,L01614,2132035.098135801,2024-11-20
R00435,L00982,2700000.0,2023-07-23
R00436,L00982,2700000.0,2024-02-28
R00437,L01362,4766666.666666667,2023-08-23
R00438,L01362,4766666.666666667,2023-12-17
R00439,L01362,4766666.666666667,2025-02-01
R00440,L00430,3575000.0,2023-06-01
R00441,L00430,3575000.0,2023-07-08
R00442,L00430,3575000.0,2024-03-26
R00443,L00430,3575000.0,2024-12-11
R00444,L00712,3925000.0,2023-10-08
R00445,L00712,3925000.0,2024-04-21
R00446,L00712,3925000.0,2024-05-06
R00447,L00712,3925000.0,2024-12-21
R00448,L00979,3250000.0,2024-04-17
R00449,L00979,3250000.0,2024-06-17
R00450,L00979,3250000.0,2025-04-15
R00451,L00979,3250000.0,2025-04-18
R00452,L00226,1600000.0,2024-02-28
R00453,L00226,1600000.0,2024-03-21
R00454,L01069,4800000.0,2023-08-18
R00455,L01069,4800000.0,2024-03-18
R00456,L01069,4800000.0,2024-07-29
R00457,L01069,4800000.0,2025-03-05
R00458,L00211,1809227.230657519,2024-06-07
R00459,L00211,1809227.230657519,2024-08-22
R00460,L00211,1809227.230657519,2025-02-02
R00461,L00211,1809227.230657519,2025-04-02
R00462,L01370,8948231.123529859,2024-10-18
R00463,L01425,1468465.5121194113,2023-10-05
R00464,L01425,1468465.5121194113,2023-11-23
R00465,L01425,1468465.5121194113,2024-11-15
R00466,L01425,1468465.5121194113,2025-01-09
R00467,L01166,1649800.0170734462,2023-07-28
R00468,L01166,1649800.0170734462,2024-05-16
R00469,L01166,1649800.0170734462,2025-02-10
R00470,L01166,1649800.0170734462,2025-03-18
R00471,L00055,2475000.0,2023-06-16
R00472,L00055,2475000.0,2023-06-26
R00473,L00055,2475000.0,2024-01-16
R00474,L00055,2475000.0,2024-02-03
R00475,L00441,6700000.0,2023-08-21
R00476,L00441,6700000.0,2023-12-20
R00477,L01863,1680572.9453958569,2023-07-28
R00478,L01863,1680572.9453958569,2024-02-21
R00479,L01796,3450000.0,2023-10-03
R00480,L01796,3450000.0,2023-10-11
R00481,L01796,3450000.0,2024-03-18
R00482,L01796,3450000.0,2025-04-20
R00483,L01005,1451030.1927631805,2023-07-29
R00484,L01005,1451030.1927631805,2024-12-20
R00485,L00981,3475000.0,2023-08-12
R00486,L00981,3475000.0,2024-02-18
R00487,L00981,3475000.0,2024-07-29
R00488,L00981,3475000.0,2025-04-28
R00489,L01045,7200000.0,2024-09-04
R00490,L00465,1450000.0,2024-06-09
R00491,L00465,1450000.0,2024-09-19
R00492,L00465,1450000.0,2024-11-29
R00493,L00465,1450000.0,2025-04-24
R00494,L00751,1490012.122181519,2023-06-25
R00495,L00751,1490012.122181519,2023-10-07
R00496,L00751,1490012.122181519,2024-05-01
R00497,L00751,1490012.122181519,2024-10-20
R00498,L01305,5333333.333333333,2024-05-03
R00499,L01305,5333333.333333333,2024-09-14
R00500,L01305,5333333.333333333,2025-04-22
R00501,L00142,5266666.666666667,2023-07-12
R00502,L00142,5266666.666666667,2023-08-18
R00503,L00142,5266666.666666667,2023-10-01
R00504,L01687,600000.0,2023-10-26
R00505,L01687,600000.0,2023-11-07
R00506,L01687,600000.0,2024-02-13
R00507,L01740,1600000.0,2024-04-13
R00508,L01740,1600000.0,2024-11-23
R00509,L01367,3120399.751977361,2024-08-04
R00510,L01367,3120399.751977361,2024-12-12
R00511,L00216,1024090.0465413029,2023-12-24
R00512,L00216,1024090.0465413029,2024-07-24
R00513,L00216,1024090.0465413029,2024-12-18
R00514,L00216,1024090.0465413029,2025-05-19
R00515,L01525,19800000.0,2024-10-26
R00516,L00908,2915680.6373904985,2023-08-14
R00517,L00908,2915680.6373904985,2023-12-02
R00518,L00908,2915680.6373904985,2024-01-05
R00519,L00908,2915680.6373904985,2024-01-17
R00520,L00763,5400000.0,2023-07-09
R00521,L00763,5400000.0,2024-04-01
R00522,L00386,6233333.333333333,2024-07-31
R00523,L00386,6233333.333333333,2024-08-18
R00524,L00386,6233333.333333333,2025-03-14
R00525,L00099,2158309.8265257757,2023-09-28
R00526,L00099,2158309.8265257757,2024-06-16
R00527,L01479,1073967.7720478396,2023-06-03
R00528,L01479,1073967.7720478396,2023-07-13
R00529,L01479,1073967.7720478396,2024-03-07
R00530,L01479,1073967.7720478396,2024-04-28
R00531,L01849,20000000.0,2023-08-08
R00532,L01745,16000000.0,2024-01-15
R00533,L00850,1429565.6649838407,2024-09-28
R00534,L00850,1429565.6649838407,2024-10-27
R00535,L00850,1429565.6649838407,2025-03-01
R00536,L00462,7650000.0,2024-06-08
R00537,L00462,7650000.0,2024-09-09
R00538,L00724,4075000.0,2023-06-20
R00539,L00724,4075000.0,2023-08-15
R00540,L00724,4075000.0,2023-11-03
R00541,L00724,4075000.0,2023-11-08
R00542,L00246,675000.0,2023-08-03
R00543,L00246,675000.0,2023-10-11
R00544,L00246,675000.0,2024-01-13
R00545,L00246,675000.0,2024-10-08
R00546,L00020,531804.1672830349,2023-08-29
R00547,L00020,531804.1672830349,2024-01-26
R00548,L00020,531804.1672830349,2024-06-02
R00549,L00020,531804.1672830349,2025-03-17
R00550,L01780,3201239.4534346946,2024-04-04
R00551,L01780,3201239.4534346946,2025-01-30
R00552,L01222,1550000.0,2024-05-31
R00553,L01222,1550000.0,2024-06-14
R00554,L01222,1550000.0,2024-10-26
R00555,L01222,1550000.0,2025-04-26
R00556,L01363,2950000.0,2023-08-10
R00557,L01363,2950000.0,2023-12-23
R00558,L01297,3225000.0,2023-10-22
R00559,L01297,3225000.0,2024-03-28
R00560,L01297,3225000.0,2024-07-27
R00561,L01297,3225000.0,2024-10-11
R00562,L00404,9400000.0,2024-03-15
R00563,L00404,9400000.0,2025-04-18
R00564,L01651,1844125.9763975686,2024-03-23
R00565,L01720,4800000.0,2023-10-23
R00566,L01720,4800000.0,2024-03-13
R00567,L00726,1050000.0,2023-07-05
R00568,L00726,1050000.0,2023-12-22
R00569,L00726,1050000.0,2024-05-07
R00570,L00726,1050000.0,2024-05-12
R00571,L00296,4666666.666666667,2023-11-23
R00572,L00296,4666666.666666667,2023-12-22
R00573,L00296,4666666.666666667,2024-05-27
R00574,L01159,6800000.0,2023-12-26
R00575,L01159,6800000.0,2025-03-12
R00576,L01569,8700000.0,2023-07-18
R00577,L01569,8700000.0,2024-08-12
R00578,L00323,6196113.964863131,2023-09-26
R00579,L00247,6162987.352042286,2025-01-05
R00580,L01306,3850000.0,2023-08-06
R00581,L01306,3850000.0,2023-08-15
R00582,L01306,3850000.0,2024-10-31
R00583,L01306,3850000.0,2024-11-22
R00584,L01674,8800000.0,2024-10-31
R00585,L01433,1300000.0,2024-02-23
R00586,L01433,1300000.0,2024-04-17
R00587,L01433,1300000.0,2024-07-25
R00588,L01433,1300000.0,2025-02-17
R00589,L00792,850000.0,2024-09-01
R00590,L00792,850000.0,2025-01-08
R00591,L01923,4817609.92131077,2023-11-24
R00592,L00362,815451.6135365417,2023-07-18
R00593,L00362,815451.6135365417,2024-03-27
R00594,L00362,815451.6135365417,2024-08-03
R00595,L00362,815451.6135365417,2025-03-15
R00596,L00893,15200000.0,2025-02-25
R00597,L01289,2048706.5347648563,2024-04-21
R00598,L01289,2048706.5347648563,2024-07-10
R00599,L01481,11300000.0,2024-07-20
R00600,L00690,2473677.238503798,2024-11-15
R00601,L00690,2473677.238503798,2025-04-04
R00602,L01524,12700000.0,2025-05-28
R00603,L01961,1925000.0,2023-12-01
R00604,L01961,1925000.0,2024-06-03
R00605,L01961,1925000.0,2024-08-18
R00606,L01961,1925000.0,2025-04-15
R00607,L00346,5250000.0,2024-01-19
R00608,L00346,5250000.0,2024-06-04
R00609,L00702,2650000.0,2023-08-01
R00610,L00702,2650000.0,2024-04-02
R00611,L00702,2650000.0,2025-03-25
R00612,L00702,2650000.0,2025-05-02
R00613,L00416,3533333.3333333335,2023-06-27
R00614,L00416,3533333.3333333335,2024-06-24
R00615,L00416,3533333.3333333335,2024-12-06
R00616,L00070,4400000.0,2024-07-06
R00617,L00070,4400000.0,2024-08-17
R00618,L00070,4400000.0,2025-04-30
R00619,L00094,7400000.0,2024-08-17
R00620,L00094,7400000.0,2025-02-11
R00621,L01703,2833333.3333333335,2023-09-23
R00622,L01703,2833333.3333333335,2024-09-24
R00623,L01703,2833333.3333333335,2024-11-08
R00624,L00562,8100000.0,2023-09-02
R00625,L00560,9150000.0,2024-05-14
R00626,L00560,9150000.0,2025-01-09
R00627,L00457,2725000.0,2023-10-08
R00628,L00457,2725000.0,2023-10-13
R00629,L00457,2725000.0,2023-11-12
R00630,L00457,2725000.0,2025-02-17
R00631,L00054,2900000.0,2023-09-07
R00632,L00054,2900000.0,2023-10-28
R00633,L00125,18900000.0,2023-07-04
R00634,L00537,1700000.0,2023-07-31
R00635,L00537,1700000.0,2024-04-24
R00636,L00537,1700000.0,2024-11-12
R00637,L01957,650000.0,2023-11-04
R00638,L01957,650000.0,2024-05-04
R00639,L00831,566666.6666666666,2023-09-23
R00640,L00831,566666.6666666666,2024-09-30
R00641,L00831,566666.6666666666,2025-02-28
R00642,L00126,2400000.0,2025-03-09
R00643,L00439,2449991.863202641,2023-12-18
R00644,L00439,2449991.863202641,2024-02-04
R00645,L00439,2449991.863202641,2024-09-05
R00646,L00594,2975000.0,2024-12-16
R00647,L00594,2975000.0,2025-02-17
R00648,L00594,2975000.0,2025-05-08
R00649,L00594,2975000.0,2025-05-11
R00650,L00905,1100000.0,2023-07-23
R00651,L00133,8600000.0,2023-08-07
R00652,L00133,8600000.0,2024-03-28
R00653,L01921,4600000.0,2024-08-06
R00654,L01225,466666.6666666667,2024-02-09
R00655,L01225,466666.6666666667,2024-04-04
R00656,L01225,466666.6666666667,2024-08-02
R00657,L00771,2050000.0,2024-01-01
R00658,L00771,2050000.0,2025-03-27
R00659,L01602,11500000.0,2024-07-08
R00660,L01662,3390196.8626016136,2024-05-21
R00661,L01662,3390196.8626016136,2025-05-13
R00662,L01847,5700000.0,2023-06-10
R00663,L01847,5700000.0,2025-01-31
R00664,L01847,5700000.0,2025-04-09
R00665,L00980,19900000.0,2024-11-26
R00666,L01130,9650000.0,2024-08-30
R00667,L01130,9650000.0,2024-09-26
R00668,L00159,2075000.0,2023-08-27
R00669,L00159,2075000.0,2024-04-21
R00670,L00159,2075000.0,2024-07-10
R00671,L00159,2075000.0,2025-01-28
R00672,L01938,14100000.0,2024-04-17
R00673,L00974,2450000.0,2023-09-24
R00674,L00974,2450000.0,2023-09-25
R00675,L00974,2450000.0,2024-08-14
R00676,L00974,2450000.0,2024-08-30
R00677,L00957,2900000.0,2024-08-26
R00678,L00957,2900000.0,2025-01-10
R00679,L00957,2900000.0,2025-05-30
R00680,L00559,6400000.0,2023-08-17
R00681,L00415,8900000.0,2023-08-22
R00682,L00415,8900000.0,2025-05-19
R00683,L01567,8600000.0,2024-08-11
R00684,L01567,8600000.0,2025-01-26
R00685,L00675,594604.0022140503,2023-08-18
R00686,L00675,594604.0022140503,2024-01-09
R00687,L00675,594604.0022140503,2025-01-31
R00688,L00675,594604.0022140503,2025-04-04
R00689,L01788,17200000.0,2024-07-21
R00690,L01516,3450000.0,2024-02-23
R00691,L01516,3450000.0,2024-04-15
R00692,L01516,3450000.0,2025-04-12
R00693,L01516,3450000.0,2025-04-14
R00694,L00458,750000.0,2023-12-23
R00695,L00458,750000.0,2024-03-24
R00696,L01710,2146378.7332601147,2024-06-12
R00697,L01710,2146378.7332601147,2024-10-21
R00698,L00838,8350000.0,2024-08-18
R00699,L00838,8350000.0,2024-09-15
R00700,L01987,11100000.0,2024-06-02
R00701,L00706,3050000.0,2023-06-30
R00702,L00706,3050000.0,2023-10-12
R00703,L00706,3050000.0,2023-12-31
R00704,L00706,3050000.0,2024-04-08
R00705,L00878,3100000.0,2023-09-20
R00706,L00878,3100000.0,2024-09-23
R00707,L01397,6550000.0,2024-09-15
R00708,L01397,6550000.0,2024-11-10
R00709,L00378,475000.0,2023-07-01
R00710,L00378,475000.0,2024-04-03
R00711,L00378,475000.0,2024-04-08
R00712,L00378,475000.0,2024-11-20
R00713,L01899,2100000.0,2024-02-13
R00714,L01899,2100000.0,2024-11-18
R00715,L01899,2100000.0,2025-04-13
R00716,L01899,2100000.0,2025-04-21
R00717,L00290,2698151.342648814,2023-07-09
R00718,L00290,2698151.342648814,2023-12-02
R00719,L01721,3675000.0,2023-12-26
R00720,L01721,3675000.0,2024-06-04
R00721,L01721,3675000.0,2024-12-31
R00722,L01721,3675000.0,2025-05-16
R00723,L00526,628972.9780658638,2023-06-16
R00724,L00526,628972.9780658638,2024-02-18
R00725,L00526,628972.9780658638,2024-03-16
R00726,L00526,628972.9780658638,2025-04-27
R00727,L00202,3733333.3333333335,2024-01-22
R00728,L00202,3733333.3333333335,2025-02-06
R00729,L00202,3733333.3333333335,2025-02-24
R00730,L00659,1150000.0,2024-01-04
R00731,L00659,1150000.0,2024-01-28
R00732,L00333,1400000.0,2024-06-16
R00733,L00333,1400000.0,2024-11-22
R00734,L00333,1400000.0,2025-03-16
R00735,L00333,1400000.0,2025-03-28
R00736,L01660,1285818.2705168629,2023-08-16
R00737,L01660,1285818.2705168629,2023-11-25
R00738,L01660,1285818.2705168629,2024-11-13
R00739,L01660,1285818.2705168629,2025-04-05
R00740,L01571,8750000.0,2023-09-13
R00741,L01571,8750000.0,2024-01-20
R00742,L01416,14800000.0,2024-12-29
R00743,L00676,7000000.0,2024-05-10
R00744,L01594,6533333.333333333,2024-02-05
R00745,L01594,6533333.333333333,2025-01-22
R00746,L01594,6533333.333333333,2025-03-03
R00747,L00237,676003.944256293,2023-12-27
R00748,L00237,676003.944256293,2024-04-19
R00749,L00237,676003.944256293,2024-09-12
R00750,L00237,676003.944256293,2024-12-18
R00751,L01201,8500000.0,2024-10-14
R00752,L00081,3100000.0,2023-08-09
R00753,L00081,3100000.0,2023-10-24
R00754,L00081,3100000.0,2023-11-12
R00755,L00081,3100000.0,2024-05-09
R00756,L01084,1050000.0,2025-03-01
R00757,L01084,1050000.0,2025-05-10
R00758,L01197,275000.0,2024-04-12
R00759,L01197,275000.0,2024-06-11
R00760,L01197,275000.0,2024-12-27
R00761,L01197,275000.0,2025-01-10
R00762,L01396,1000000.0,2024-03-17
R00763,L01396,1000000.0,2024-07-06
R00764,L01396,1000000.0,2025-04-04
R00765,L00813,1500000.0,2023-07-14
R00766,L00813,1500000.0,2024-07-05
R00767,L00813,1500000.0,2025-02-27
R00768,L00764,632048.3174700593,2023-07-21
R00769,L00764,632048.3174700593,2023-10-02
R00770,L00764,632048.3174700593,2024-01-28
R00771,L00764,632048.3174700593,2025-02-04
R00772,L01064,2033333.3333333333,2024-04-09
R00773,L01064,2033333.3333333333,2024-06-28
R00774,L01064,2033333.3333333333,2024-12-03
R00775,L00657,5700000.0,2023-09-14
R00776,L00657,5700000.0,2025-01-27
R00777,L00786,4200000.0,2024-07-12
R00778,L00786,4200000.0,2024-08-15
R00779,L00786,4200000.0,2025-03-23
R00780,L00786,4200000.0,2025-04-13
R00781,L00268,2308934.1632434856,2023-06-23
R00782,L00268,2308934.1632434856,2023-10-13
R00783,L01491,5200000.0,2023-10-28
R00784,L00359,4775000.0,2023-11-03
R00785,L00359,4775000.0,2025-03-08
R00786,L00359,4775000.0,2025-03-12
R00787,L00359,4775000.0,2025-04-10
R00788,L01624,3450000.0,2023-07-15
R00789,L01624,3450000.0,2023-12-11
R00790,L01176,3450000.0,2023-06-26
R00791,L01176,3450000.0,2024-05-20
R00792,L01692,5033333.333333333,2023-07-10
R00793,L01692,5033333.333333333,2024-03-06
R00794,L01692,5033333.333333333,2025-05-14
R00795,L01355,1200000.0,2023-11-02
R00796,L01355,1200000.0,2023-12-30
R00797,L01355,1200000.0,2024-03-13
R00798,L01355,1200000.0,2024-11-29
R00799,L01658,4942890.121506199,2025-03-01
R00800,L00740,1800000.0,2024-05-26
R00801,L00603,3059270.0277827275,2024-04-04
R00802,L00603,3059270.0277827275,2024-06-27
R00803,L00603,3059270.0277827275,2024-10-06
R00804,L01591,3850000.0,2023-09-05
R00805,L01591,3850000.0,2025-05-17
R00806,L01633,1750000.0,2023-06-24
R00807,L01633,1750000.0,2023-12-05
R00808,L01633,1750000.0,2024-03-16
R00809,L01633,1750000.0,2024-11-11
R00810,L01462,1675000.0,2023-10-16
R00811,L01462,1675000.0,2024-05-12
R00812,L01462,1675000.0,2024-06-14
R00813,L01462,1675000.0,2024-09-04
R00814,L01195,1650000.0,2024-06-03
R00815,L01195,1650000.0,2024-08-02
R00816,L01195,1650000.0,2024-08-29
R00817,L01195,1650000.0,2025-04-07
R00818,L00883,1990752.7045692252,2023-10-06
R00819,L00883,1990752.7045692252,2024-02-23
R00820,L00883,1990752.7045692252,2024-02-27
R00821,L00612,1675000.0,2023-12-18
R00822,L00612,1675000.0,2025-01-02
R00823,L00612,1675000.0,2025-03-12
R00824,L00612,1675000.0,2025-04-25
R00825,L00443,1998894.826910452,2024-11-17
R00826,L00443,1998894.826910452,2025-03-07
R00827,L00427,14300000.0,2023-08-10
R00828,L01037,2150000.0,2023-06-22
R00829,L01037,2150000.0,2024-01-08
R00830,L00884,4000000.0,2023-07-09
R00831,L00884,4000000.0,2024-03-27
R00832,L00650,1100000.0,2023-10-05
R00833,L00650,1100000.0,2024-08-18
R00834,L00650,1100000.0,2025-01-26
R00835,L00650,1100000.0,2025-03-25
R00836,L01991,799962.3938611987,2023-11-14
R00837,L01991,799962.3938611987,2025-03-27
R00838,L01768,9700000.0,2023-11-19
R00839,L01332,3275000.0,2023-11-08
R00840,L01332,3275000.0,2023-11-22
R00841,L01332,3275000.0,2024-10-15
R00842,L01332,3275000.0,2024-11-08
R00843,L00349,4400000.0,2023-12-27
R00844,L00349,4400000.0,2024-10-19
R00845,L01565,4298955.324800711,2024-04-14
R00846,L01174,10900000.0,2024-07-03
R00847,L00990,13800000.0,2023-06-16
R00848,L00295,500000.0,2025-01-17
R00849,L00295,500000.0,2025-01-27
R00850,L00295,500000.0,2025-04-02
R00851,L00837,12500000.0,2024-11-11
R00852,L01980,16900000.0,2023-06-07
R00853,L01932,7400000.0,2024-06-03
R00854,L01932,7400000.0,2025-05-08
R00855,L00424,9600000.0,2023-09-11
R00856,L01757,1746777.2319246777,2023-10-13
R00857,L01757,1746777.2319246777,2024-09-09
R00858,L01757,1746777.2319246777,2024-10-15
R00859,L01757,1746777.2319246777,2025-02-12
R00860,L00256,673965.2051770048,2023-06-07
R00861,L00256,673965.2051770048,2023-11-21
R00862,L00256,673965.2051770048,2023-12-14
R00863,L00256,673965.2051770048,2024-09-15
R00864,L01366,491746.80125826783,2024-01-24
R00865,L01366,491746.80125826783,2024-12-05
R00866,L01366,491746.80125826783,2025-02-15
R00867,L01171,4333333.333333333,2023-12-31
R00868,L01171,4333333.333333333,2024-10-12
R00869,L01171,4333333.333333333,2024-12-02
R00870,L01873,3325000.0,2024-03-19
R00871,L01873,3325000.0,2024-04-25
R00872,L01873,3325000.0,2025-03-23
R00873,L01873,3325000.0,2025-04-26
R00874,L00073,4833333.333333333,2023-12-13
R00875,L00073,4833333.333333333,2024-02-26
R00876,L00073,4833333.333333333,2024-05-22
R00877,L00472,357395.012328157,2023-11-17
R00878,L00472,357395.012328157,2024-01-21
R00879,L00472,357395.012328157,2024-05-28
R00880,L00472,357395.012328157,2024-11-07
R00881,L01523,7834782.909165673,2024-07-09
R00882,L01389,1533333.3333333333,2024-04-04
R00883,L01389,1533333.3333333333,2024-09-27
R00884,L01389,1533333.3333333333,2025-03-02
R00885,L01020,5200000.0,2023-08-19
R00886,L01020,5200000.0,2024-08-27
R00887,L01597,3225000.0,2023-06-06
R00888,L01597,3225000.0,2024-07-02
R00889,L01597,3225000.0,2024-10-27
R00890,L01597,3225000.0,2025-03-16
R00891,L01831,1380711.9169933333,2024-03-17
R00892,L01831,1380711.9169933333,2024-08-10
R00893,L01831,1380711.9169933333,2025-03-13
R00894,L01007,5700000.0,2024-10-15
R00895,L01623,5800000.0,2024-01-06
R00896,L01623,5800000.0,2024-09-04
R00897,L01623,5800000.0,2024-09-16
R00898,L00539,1975000.0,2023-08-23
R00899,L00539,1975000.0,2024-01-18
R00900,L00539,1975000.0,2024-06-09
R00901,L00539,1975000.0,2024-11-13
R00902,L01803,3000000.0,2023-07-20
R00903,L01803,3000000.0,2024-01-01
R00904,L01803,3000000.0,2024-02-17
R00905,L01803,3000000.0,2024-10-10
R00906,L00365,5680716.318131914,2024-02-08
R00907,L00684,900000.0,2023-12-20
R00908,L00684,900000.0,2024-01-02
R00909,L00684,900000.0,2024-10-22
R00910,L00684,900000.0,2025-03-31
R00911,L01550,10200000.0,2024-12-04
R00912,L01758,3122932.2879703557,2024-10-19
R00913,L01758,3122932.2879703557,2025-04-24
R00914,L01492,4359402.243519057,2024-01-19
R00915,L00292,1466666.6666666667,2023-09-25
R00916,L00292,1466666.6666666667,2023-10-25
R00917,L00292,1466666.6666666667,2024-07-06
R00918,L01421,4650000.0,2023-07-15
R00919,L01421,4650000.0,2023-12-04
R00920,L01421,4650000.0,2025-01-15
R00921,L01421,4650000.0,2025-04-29
R00922,L00244,6850000.0,2025-02-15
R00923,L00244,6850000.0,2025-03-27
R00924,L01807,4000000.0,2025-02-13
R00925,L01807,4000000.0,2025-02-19
R00926,L01689,8200000.0,2024-09-09
R00927,L00102,17000000.0,2024-04-09
R00928,L01877,2800000.0,2023-09-17
R00929,L01877,2800000.0,2024-02-04
R00930,L01877,2800000.0,2024-10-26
R00931,L01877,2800000.0,2024-11-10
R00932,L00544,5566666.666666667,2023-06-20
R00933,L00544,5566666.666666667,2024-10-22
R00934,L00544,5566666.666666667,2024-12-12
R00935,L01552,1850000.0,2024-01-16
R00936,L01552,1850000.0,2024-06-21
R00937,L00138,1877483.1157406447,2023-12-19
R00938,L00138,1877483.1157406447,2024-04-10
R00939,L00138,1877483.1157406447,2024-04-21
R00940,L00138,1877483.1157406447,2025-05-05
R00941,L01714,2250000.0,2023-06-28
R00942,L01714,2250000.0,2024-03-28
R00943,L01714,2250000.0,2024-08-26
R00944,L01714,2250000.0,2024-12-24
R00945,L01506,13400000.0,2024-12-01
R00946,L01699,5566666.666666667,2023-10-26
R00947,L01699,5566666.666666667,2024-08-18
R00948,L01699,5566666.666666667,2025-02-23
R00949,L00584,3325000.0,2023-11-20
R00950,L00584,3325000.0,2024-02-22
R00951,L00584,3325000.0,2024-12-06
R00952,L00584,3325000.0,2024-12-16
R00953,L01696,2626237.3575190487,2024-07-20
R00954,L01696,2626237.3575190487,2024-10-08
R00955,L01696,2626237.3575190487,2024-11-15
R00956,L01696,2626237.3575190487,2025-01-30
R00957,L01155,12900000.0,2024-06-04
R00958,L01128,7900000.0,2025-05-05
R00959,L00388,9700000.0,2024-11-03
R00960,L01862,4666666.666666667,2024-01-20
R00961,L01862,4666666.666666667,2024-03-05
R00962,L01862,4666666.666666667,2024-06-29
R00963,L00593,7927086.330852337,2025-03-18
R00964,L00745,3200000.0,2023-10-11
R00965,L00745,3200000.0,2024-10-23
R00966,L00745,3200000.0,2025-03-14
R00967,L00895,2423103.7638513725,2023-10-19
R00968,L00895,2423103.7638513725,2024-01-15
R00969,L00895,2423103.7638513725,2024-08-07
R00970,L00895,2423103.7638513725,2025-04-11
R00971,L01497,950000.0,2023-08-15
R00972,L01497,950000.0,2024-05-31
R00973,L00645,2675000.0,2023-09-08
R00974,L00645,2675000.0,2023-12-18
R00975,L00645,2675000.0,2024-12-15
R00976,L00645,2675000.0,2024-12-27
R00977,L00530,2250000.0,2024-08-08
R00978,L00530,2250000.0,2025-02-17
R00979,L01985,7250000.0,2025-01-13
R00980,L01985,7250000.0,2025-05-09
R00981,L01372,16200000.0,2023-10-21
R00982,L01542,775000.0,2024-02-16
R00983,L01542,775000.0,2024-10-21
R00984,L01542,775000.0,2024-11-09
R00985,L01542,775000.0,2025-04-29
R00986,L00775,2300000.0,2023-08-09
R00987,L00775,2300000.0,2023-11-20
R00988,L01925,3925000.0,2023-11-21
R00989,L01925,3925000.0,2024-03-02
R00990,L01925,3925000.0,2024-12-30
R00991,L01925,3925000.0,2025-04-07
R00992,L01102,8055091.469702312,2024-01-25
R00993,L01008,4266666.666666667,2024-04-22
R00994,L01008,4266666.666666667,2025-02-02
R00995,L01008,4266666.666666667,2025-04-19
R00996,L00886,5800000.0,2024-02-13
R00997,L01398,2600000.0,2023-12-20
R00998,L01398,2600000.0,2024-03-15
R00999,L01398,2600000.0,2024-08-28
R01000,L01657,477754.9993291268,2023-08-31
R01001,L01657,477754.9993291268,2024-01-15
R01002,L01657,477754.9993291268,2024-05-26
R01003,L01657,477754.9993291268,2025-03-23
R01004,L01401,4450000.0,2023-07-12
R01005,L01401,4450000.0,2024-05-31
R01006,L01401,4450000.0,2024-10-05
R01007,L01401,4450000.0,2025-04-03
R01008,L01963,1850000.0,2024-08-24
R01009,L01963,1850000.0,2024-08-27
R01010,L00407,5350000.0,2023-07-26
R01011,L00407,5350000.0,2024-09-25
R01012,L00316,2800000.0,2024-06-01
R01013,L00401,5250000.0,2023-10-30
R01014,L00401,5250000.0,2025-04-21
R01015,L01470,772206.762278015,2023-09-02
R01016,L01470,772206.762278015,2024-06-23
R01017,L01470,772206.762278015,2024-11-10
R01018,L01470,772206.762278015,2025-04-04
R01019,L00722,6800000.0,2024-03-23
R01020,L00722,6800000.0,2024-07-16
R01021,L00783,2525000.0,2023-07-12
R01022,L00783,2525000.0,2024-01-18
R01023,L00783,2525000.0,2024-04-16
R01024,L00783,2525000.0,2025-04-07
R01025,L01296,4975000.0,2023-09-15
R01026,L01296,4975000.0,2023-09-26
R01027,L01296,4975000.0,2023-11-03
R01028,L01296,4975000.0,2025-03-25
R01029,L00774,2500000.0,2024-02-22
R01030,L00774,2500000.0,2024-04-13
R01031,L00608,407949.74271731183,2024-05-21
R01032,L00608,407949.74271731183,2024-08-16
R01033,L00608,407949.74271731183,2025-04-24
R01034,L00608,407949.74271731183,2025-05-05
R01035,L01187,7500000.0,2023-09-20
R01036,L00511,3866666.6666666665,2024-02-01
R01037,L00511,3866666.6666666665,2024-12-07
R01038,L00511,3866666.6666666665,2025-03-31
R01039,L00514,1485988.5191086605,2023-10-19
R01040,L00514,1485988.5191086605,2025-01-26
R01041,L00110,1125000.0,2023-08-02
R01042,L00110,1125000.0,2024-02-14
R01043,L00110,1125000.0,2024-06-13
R01044,L00110,1125000.0,2024-10-03
R01045,L01592,3458981.246607522,2023-10-16
R01046,L01592,3458981.246607522,2024-01-30
R01047,L01901,5961921.394069494,2024-10-05
R01048,L00456,3143953.213691768,2023-06-04
R01049,L00456,3143953.213691768,2023-07-16
R01050,L00456,3143953.213691768,2024-05-17
R01051,L00332,1843171.0495791906,2023-11-10
R01052,L00332,1843171.0495791906,2023-12-30
R01053,L00360,1975000.0,2023-10-09
R01054,L00360,1975000.0,2024-08-21
R01055,L00360,1975000.0,2025-01-12
R01056,L00360,1975000.0,2025-01-21
R01057,L01981,4766666.666666667,2023-10-02
R01058,L01981,4766666.666666667,2024-06-15
R01059,L01981,4766666.666666667,2025-01-14
R01060,L00447,7700000.0,2025-01-30
R01061,L00068,2200000.0,2025-01-14
R01062,L01387,4933333.333333333,2023-08-08
R01063,L01387,4933333.333333333,2023-09-09
R01064,L01387,4933333.333333333,2025-01-26
R01065,L01520,1415818.7648672492,2024-04-29
R01066,L01520,1415818.7648672492,2024-05-02
R01067,L01520,1415818.7648672492,2024-09-20
R01068,L01520,1415818.7648672492,2024-10-05
R01069,L01117,1869542.230932038,2024-04-09
R01070,L01117,1869542.230932038,2024-04-29
R01071,L01117,1869542.230932038,2024-06-05
R01072,L01667,2575000.0,2023-06-04
R01073,L01667,2575000.0,2023-06-30
R01074,L01667,2575000.0,2024-03-24
R01075,L01667,2575000.0,2024-07-19
R01076,L01573,2689175.3809832563,2023-11-02
R01077,L01555,3025000.0,2023-06-11
R01078,L01555,3025000.0,2024-03-16
R01079,L01555,3025000.0,2024-12-19
R01080,L01555,3025000.0,2025-04-23
R01081,L00273,4125000.0,2024-02-06
R01082,L00273,4125000.0,2024-07-17
R01083,L00273,4125000.0,2025-01-08
R01084,L00273,4125000.0,2025-03-09
R01085,L00140,1750000.0,2023-06-04
R01086,L00140,1750000.0,2023-06-14
R01087,L00140,1750000.0,2023-10-27
R01088,L00140,1750000.0,2024-11-07
R01089,L01998,984347.9424939314,2023-11-23
R01090,L01998,984347.9424939314,2023-12-11
R01091,L01998,984347.9424939314,2024-09-29
R01092,L01998,984347.9424939314,2024-12-21
R01093,L00818,4800000.0,2024-11-20
R01094,L00818,4800000.0,2025-04-12
R01095,L00215,1838077.4132782193,2023-08-19
R01096,L00215,1838077.4132782193,2023-09-09
R01097,L00215,1838077.4132782193,2024-01-29
R01098,L00215,1838077.4132782193,2024-02-23
R01099,L01122,3250000.0,2024-03-24
R01100,L01122,3250000.0,2024-06-25
R01101,L00742,18200000.0,2024-08-31
R01102,L01006,1225000.0,2023-07-21
R01103,L01006,1225000.0,2023-10-08
R01104,L01006,1225000.0,2024-01-24
R01105,L01006,1225000.0,2025-03-01
R01106,L01663,3125000.0,2023-07-06
R01107,L01663,3125000.0,2024-01-12
R01108,L01663,3125000.0,2024-01-18
R01109,L01663,3125000.0,2024-05-20
R01110,L00023,3055642.00796174,2024-12-17
R01111,L01548,1637768.2907915781,2024-07-09
R01112,L01548,1637768.2907915781,2024-09-06
R01113,L01347,7100000.0,2024-07-12
R01114,L00358,3962784.3433739655,2024-02-18
R01115,L00358,3962784.3433739655,2024-05-02
R01116,L00529,1795068.5185740744,2024-11-15
R01117,L00529,1795068.5185740744,2025-04-20
R01118,L01229,725000.0,2023-09-12
R01119,L01229,725000.0,2024-02-22
R01120,L01229,725000.0,2024-06-15
R01121,L01229,725000.0,2025-05-01
R01122,L00877,3950000.0,2024-03-06
R01123,L00877,3950000.0,2025-01-03
R01124,L01603,6300000.0,2023-10-25
R01125,L00038,466666.6666666667,2023-10-07
R01126,L00038,466666.6666666667,2025-05-05
R01127,L00038,466666.6666666667,2025-05-14
R01128,L00768,12500000.0,2025-02-20
R01129,L00259,5400000.0,2023-06-15
R01130,L00259,5400000.0,2023-11-25
R01131,L00259,5400000.0,2024-04-09
R01132,L00546,300000.0,2023-09-10
R01133,L00546,300000.0,2023-11-12
R01134,L00546,300000.0,2023-11-22
R01135,L00546,300000.0,2024-12-16
R01136,L00743,7900000.0,2024-12-22
R01137,L00815,2000000.0,2023-06-18
R01138,L00815,2000000.0,2024-06-26
R01139,L00815,2000000.0,2024-09-01
R01140,L00263,3850000.0,2023-09-04
R01141,L00263,3850000.0,2023-10-10
R01142,L00263,3850000.0,2024-03-11
R01143,L00263,3850000.0,2024-12-04
R01144,L00662,3433333.3333333335,2023-06-30
R01145,L00662,3433333.3333333335,2024-10-18
R01146,L00662,3433333.3333333335,2025-02-05
R01147,L01137,14300000.0,2024-03-18
R01148,L00943,15000000.0,2025-04-11
R01149,L00406,2282042.0854594535,2023-12-16
R01150,L00406,2282042.0854594535,2024-10-10
R01151,L01790,3584306.845531992,2024-07-20
R01152,L01790,3584306.845531992,2025-01-20
R01153,L01126,2734763.1452416442,2023-07-08
R01154,L01126,2734763.1452416442,2024-09-27
R01155,L00231,5450000.0,2023-07-08
R01156,L00231,5450000.0,2024-09-04
R01157,L00580,3733333.3333333335,2023-08-23
R01158,L00580,3733333.3333333335,2024-10-20
R01159,L00580,3733333.3333333335,2024-10-27
R01160,L00426,8800000.0,2025-03-11
R01161,L01164,3766666.6666666665,2023-06-16
R01162,L01164,3766666.6666666665,2023-07-08
R01163,L01164,3766666.6666666665,2024-11-17
R01164,L00182,8950000.0,2023-08-29
R01165,L00182,8950000.0,2024-04-19
R01166,L01217,17200000.0,2024-05-11
R01167,L00450,2305890.184665119,2023-09-04
R01168,L00450,2305890.184665119,2024-03-22
R01169,L00450,2305890.184665119,2024-07-30
R01170,L00107,1239298.5806328168,2023-12-14
R01171,L00107,1239298.5806328168,2024-06-03
R01172,L00945,2700000.0,2024-11-27
R01173,L01477,5266666.666666667,2023-09-27
R01174,L01477,5266666.666666667,2023-11-07
R01175,L01477,5266666.666666667,2024-11-21
R01176,L00062,8500000.0,2024-10-02
R01177,L00062,8500000.0,2024-11-14
R01178,L01502,1750000.0,2023-06-08
R01179,L01502,1750000.0,2024-01-20
R01180,L00192,7400000.0,2024-04-22
R01181,L00192,7400000.0,2024-10-26
R01182,L00621,2100000.0,2023-08-18
R01183,L00621,2100000.0,2023-12-27
R01184,L00621,2100000.0,2024-07-09
R01185,L00621,2100000.0,2024-10-27
R01186,L01534,1033333.3333333334,2024-09-13
R01187,L01534,1033333.3333333334,2024-09-26
R01188,L01534,1033333.3333333334,2024-11-26
R01189,L00618,1692030.0918393638,2023-09-15
R01190,L00618,1692030.0918393638,2024-04-21
R01191,L00618,1692030.0918393638,2025-03-07
R01192,L00618,1692030.0918393638,2025-04-28
R01193,L01413,2700000.0,2023-08-21
R01194,L01413,2700000.0,2024-07-02
R01195,L01413,2700000.0,2024-12-10
R01196,L01135,6800000.0,2023-08-31
R01197,L01135,6800000.0,2024-09-22
R01198,L01648,6200000.0,2024-01-06
R01199,L01978,3075000.0,2023-08-22
R01200,L01978,3075000.0,2023-08-28
R01201,L01978,3075000.0,2024-06-21
R01202,L01978,3075000.0,2025-01-30
R01203,L01774,12200000.0,2023-11-02
R01204,L00220,6250000.0,2023-11-03
R01205,L00220,6250000.0,2024-09-16
R01206,L01844,500000.0,2023-12-22
R01207,L01844,500000.0,2025-01-25
R01208,L01844,500000.0,2025-03-07
R01209,L00615,9300000.0,2024-07-11
R01210,L01670,533333.3333333334,2023-11-04
R01211,L01670,533333.3333333334,2024-03-05
R01212,L01670,533333.3333333334,2024-11-28
R01213,L00638,6333333.333333333,2023-10-03
R01214,L00638,6333333.333333333,2024-01-16
R01215,L00638,6333333.333333333,2024-04-14
R01216,L00713,4000000.0,2023-07-01
R01217,L00713,4000000.0,2024-07-30
R01218,L01148,663944.4278270338,2023-11-09
R01219,L01148,663944.4278270338,2024-06-20
R01220,L01148,663944.4278270338,2024-11-16
R01221,L01148,663944.4278270338,2025-05-08
R01222,L00453,4250000.0,2023-11-30
R01223,L00453,4250000.0,2024-02-12
R01224,L00453,4250000.0,2024-06-08
R01225,L00453,4250000.0,2025-05-25
R01226,L01125,3100000.0,2023-06-03
R01227,L01125,3100000.0,2023-06-10
R01228,L00527,2933681.05684062,2023-08-09
R01229,L00527,2933681.05684062,2024-11-03
R01230,L01581,1655977.5001038152,2023-08-25
R01231,L01581,1655977.5001038152,2025-03-10
R01232,L01581,1655977.5001038152,2025-05-05
R01233,L01608,2766666.6666666665,2024-06-18
R01234,L01608,2766666.6666666665,2024-08-19
R01235,L01608,2766666.6666666665,2024-11-01
R01236,L00433,1830729.8174869248,2023-08-09
R01237,L00433,1830729.8174869248,2023-09-24
R01238,L00433,1830729.8174869248,2024-07-02
R01239,L00433,1830729.8174869248,2025-01-26
R01240,L01395,2225000.0,2023-07-29
R01241,L01395,2225000.0,2023-08-18
R01242,L01395,2225000.0,2024-12-14
R01243,L01395,2225000.0,2024-12-14
R01244,L01962,3550000.0,2023-12-16
R01245,L01962,3550000.0,2025-05-03
R01246,L00805,9500000.0,2024-10-13
R01247,L01048,3800000.0,2023-11-27
R01248,L01048,3800000.0,2024-01-16
R01249,L01048,3800000.0,2024-05-20
R01250,L01327,3900000.0,2023-12-23
R01251,L01733,9600000.0,2024-05-26
R01252,L01826,18700000.0,2023-07-09
R01253,L01964,4576897.4952286,2023-08-17
R01254,L01964,4576897.4952286,2025-02-21
R01255,L00891,8600000.0,2023-10-14
R01256,L00891,8600000.0,2025-04-09
R01257,L00304,6000000.0,2023-07-01
R01258,L01723,5266666.666666667,2024-01-12
R01259,L01723,5266666.666666667,2024-03-06
R01260,L01723,5266666.666666667,2025-03-23
R01261,L00746,787856.5653917856,2025-02-12
R01262,L00869,3525000.0,2024-01-29
R01263,L00869,3525000.0,2024-04-26
R01264,L00869,3525000.0,2024-11-07
R01265,L00869,3525000.0,2024-12-25
R01266,L01073,2625000.0,2023-08-13
R01267,L01073,2625000.0,2023-08-30
R01268,L01073,2625000.0,2025-01-09
R01269,L01073,2625000.0,2025-03-23
R01270,L01489,12300000.0,2025-04-22
R01271,L00390,2128844.0351093668,2023-06-08
R01272,L00390,2128844.0351093668,2023-07-06
R01273,L00390,2128844.0351093668,2023-09-16
R01274,L00390,2128844.0351093668,2025-03-23
R01275,L00541,10420724.197881268,2024-10-28
R01276,L01900,930675.3866952388,2023-10-11
R01277,L01900,930675.3866952388,2024-02-11
R01278,L01900,930675.3866952388,2024-03-04
R01279,L01900,930675.3866952388,2024-10-15
R01280,L00940,8500000.0,2025-04-25
R01281,L00385,1150000.0,2023-12-26
R01282,L00385,1150000.0,2024-05-05
R01283,L00385,1150000.0,2024-09-25
R01284,L00385,1150000.0,2025-04-13
R01285,L01690,3450000.0,2023-08-12
R01286,L01690,3450000.0,2024-12-21
R01287,L00533,2966666.6666666665,2024-02-22
R01288,L00533,2966666.6666666665,2024-03-16
R01289,L00533,2966666.6666666665,2025-02-23
R01290,L01518,7600000.0,2023-10-21
R01291,L00493,4375000.0,2023-08-28
R01292,L00493,4375000.0,2024-04-06
R01293,L00493,4375000.0,2024-04-07
R01294,L00493,4375000.0,2024-05-20
R01295,L00523,4533333.333333333,2023-12-29
R01296,L00523,4533333.333333333,2024-03-26
R01297,L00523,4533333.333333333,2025-03-11
R01298,L00461,4800000.0,2024-11-17
R01299,L01639,4933333.333333333,2024-06-06
R01300,L01639,4933333.333333333,2025-02-11
R01301,L01639,4933333.333333333,2025-03-22
R01302,L00222,4163113.450143037,2024-04-23
R01303,L00222,4163113.450143037,2024-10-16
R01304,L01340,3375000.0,2023-08-27
R01305,L01340,3375000.0,2023-10-08
R01306,L01340,3375000.0,2025-02-08
R01307,L01340,3375000.0,2025-04-19
R01308,L01559,6400000.0,2023-09-11
R01309,L00970,3900000.0,2023-07-16
R01310,L00970,3900000.0,2024-11-22
R01311,L00970,3900000.0,2024-12-16
R01312,L00970,3900000.0,2025-03-17
R01313,L01841,14500000.0,2023-10-02
R01314,L00369,800000.0,2023-08-20
R01315,L00369,800000.0,2024-04-19
R01316,L00369,800000.0,2024-09-01
R01317,L00369,800000.0,2025-05-08
R01318,L00733,7500000.0,2024-06-09
R01319,L00733,7500000.0,2025-02-13
R01320,L00571,11616383.230312912,2024-08-15
R01321,L01313,18100000.0,2024-11-08
R01322,L01012,3450000.0,2023-10-19
R01323,L01012,3450000.0,2024-03-21
R01324,L01012,3450000.0,2024-05-06
R01325,L01012,3450000.0,2024-09-17
R01326,L00468,1285866.743160489,2024-03-05
R01327,L00468,1285866.743160489,2025-01-26
R01328,L01115,3250000.0,2023-06-23
R01329,L01115,3250000.0,2024-09-17
R01330,L01115,3250000.0,2024-11-13
R01331,L01115,3250000.0,2025-03-31
R01332,L00157,2175000.0,2024-12-16
R01333,L00157,2175000.0,2025-03-13
R01334,L00157,2175000.0,2025-04-14
R01335,L00157,2175000.0,2025-04-23
R01336,L01019,3527323.8907472575,2023-09-10
R01337,L01019,3527323.8907472575,2024-06-10
R01338,L00681,5033333.333333333,2023-08-27
R01339,L00681,5033333.333333333,2024-06-14
R01340,L00681,5033333.333333333,2025-05-15
R01341,L00444,1865979.811990927,2023-07-06
R01342,L00444,1865979.811990927,2024-04-15
R01343,L00444,1865979.811990927,2024-05-08
R01344,L00444,1865979.811990927,2025-04-20
R01345,L01635,6333333.333333333,2023-07-20
R01346,L01635,6333333.333333333,2023-12-21
R01347,L01635,6333333.333333333,2024-10-21
R01348,L00258,6500000.0,2024-01-31
R01349,L00173,4150000.0,2023-06-10
R01350,L00173,4150000.0,2024-11-29
R01351,L01450,1350000.0,2024-11-08
R01352,L01450,1350000.0,2025-04-05
R01353,L01345,3833333.3333333335,2024-07-12
R01354,L01345,3833333.3333333335,2024-12-29
R01355,L01345,3833333.3333333335,2025-01-17
R01356,L00912,1250000.0,2024-08-21
R01357,L00912,1250000.0,2024-12-14
R01358,L01595,2313109.665899461,2023-11-21
R01359,L01595,2313109.665899461,2024-08-12
R01360,L01595,2313109.665899461,2024-11-02
R01361,L00963,4800000.0,2024-02-18
R01362,L00963,4800000.0,2024-07-08
R01363,L00963,4800000.0,2024-07-11
R01364,L00963,4800000.0,2025-04-09
R01365,L00758,3350000.0,2023-08-13
R01366,L00758,3350000.0,2024-09-23
R01367,L00758,3350000.0,2024-11-16
R01368,L00758,3350000.0,2024-11-26
R01369,L01454,3675000.0,2023-12-11
R01370,L01454,3675000.0,2024-05-02
R01371,L01454,3675000.0,2024-10-26
R01372,L01454,3675000.0,2024-12-16
R01373,L00697,3000000.0,2024-02-24
R01374,L00697,3000000.0,2024-06-09
R01375,L00014,10600000.0,2024-10-28
R01376,L01010,1500000.0,2024-10-11
R01377,L01010,1500000.0,2024-11-07
R01378,L00354,4266666.666666667,2023-09-24
R01379,L00354,4266666.666666667,2024-03-25
R01380,L00354,4266666.666666667,2025-03-13
R01381,L00364,11600000.0,2025-03-03
R01382,L00773,3300000.0,2023-07-13
R01383,L00773,3300000.0,2024-08-07
R01384,L00773,3300000.0,2024-09-19
R01385,L00773,3300000.0,2025-04-23
R01386,L01762,2099173.596987324,2023-06-10
R01387,L01762,2099173.596987324,2023-09-30
R01388,L01762,2099173.596987324,2024-10-12
R01389,L01762,2099173.596987324,2025-05-26
R01390,L00160,256569.91842460033,2024-06-27
R01391,L00160,256569.91842460033,2025-03-21
R01392,L00402,11100000.0,2024-05-30
R01393,L00955,3966666.6666666665,2024-06-20
R01394,L00955,3966666.6666666665,2025-03-23
R01395,L00955,3966666.6666666665,2025-04-06
R01396,L00686,2740514.3729529576,2023-07-29
R01397,L00686,2740514.3729529576,2023-10-07
R01398,L00686,2740514.3729529576,2024-06-16
R01399,L00686,2740514.3729529576,2025-01-04
R01400,L00789,2590933.1945548826,2023-12-05
R01401,L00789,2590933.1945548826,2024-02-05
R01402,L00703,800000.0,2024-01-03
R01403,L00703,800000.0,2024-02-13
R01404,L00946,3200000.0,2023-07-10
R01405,L00946,3200000.0,2024-06-28
R01406,L01494,443164.4747956504,2023-11-20
R01407,L01494,443164.4747956504,2024-08-01
R01408,L01494,443164.4747956504,2024-10-12
R01409,L01904,1750000.0,2023-11-30
R01410,L01904,1750000.0,2024-03-21
R01411,L01904,1750000.0,2024-04-09
R01412,L01904,1750000.0,2025-02-24
R01413,L00196,1050000.0,2023-08-01
R01414,L00196,1050000.0,2024-05-11
R01415,L00196,1050000.0,2024-05-22
R01416,L00196,1050000.0,2025-02-12
R01417,L00825,5300000.0,2024-05-14
R01418,L00825,5300000.0,2024-08-19
R01419,L00641,4550000.0,2023-08-08
R01420,L00641,4550000.0,2024-05-13
R01421,L00641,4550000.0,2024-06-22
R01422,L00641,4550000.0,2025-03-27
R01423,L01769,5766666.666666667,2023-09-01
R01424,L01769,5766666.666666667,2024-02-01
R01425,L01769,5766666.666666667,2024-06-21
R01426,L00243,5633333.333333333,2023-06-14
R01427,L00243,5633333.333333333,2024-10-20
R01428,L00243,5633333.333333333,2024-12-30
R01429,L01664,5806400.607680232,2023-08-19
R01430,L00843,4000000.0,2024-04-09
R01431,L00843,4000000.0,2024-04-16
R01432,L00506,4600000.0,2023-06-28
R01433,L00121,5733333.333333333,2023-06-01
R01434,L00121,5733333.333333333,2024-07-31
R01435,L00121,5733333.333333333,2024-08-06
R01436,L01218,4500000.0,2025-03-03
R01437,L01211,4075000.0,2023-08-10
R01438,L01211,4075000.0,2024-09-12
R01439,L01211,4075000.0,2024-09-23
R01440,L01211,4075000.0,2025-02-04
R01441,L00193,1166666.6666666667,2024-01-23
R01442,L00193,1166666.6666666667,2024-10-08
R01443,L00193,1166666.6666666667,2025-04-22
R01444,L00518,893193.1816978453,2024-06-29
R01445,L00518,893193.1816978453,2024-08-10
R01446,L01630,1266666.6666666667,2023-11-08
R01447,L01630,1266666.6666666667,2024-10-21
R01448,L01630,1266666.6666666667,2024-11-03
R01449,L00592,3097790.94482365,2024-02-20
R01450,L00592,3097790.94482365,2024-03-09
R01451,L00592,3097790.94482365,2024-05-20
R01452,L01576,260937.47738104902,2023-07-13
R01453,L01576,260937.47738104902,2023-11-21
R01454,L01576,260937.47738104902,2025-02-24
R01455,L01576,260937.47738104902,2025-03-03
R01456,L01404,2675591.57886498,2025-03-17
R01457,L01311,2779569.289417779,2024-05-18
R01458,L00555,9200000.0,2024-02-13
R01459,L00555,9200000.0,2024-08-09
R01460,L00992,302484.06835324224,2024-06-02
R01461,L00992,302484.06835324224,2024-09-08
R01462,L00992,302484.06835324224,2024-09-24
R01463,L00992,302484.06835324224,2025-01-17
R01464,L00219,2033333.3333333333,2024-03-09
R01465,L00219,2033333.3333333333,2024-10-23
R01466,L00219,2033333.3333333333,2024-12-08
R01467,L00483,4427927.172621336,2024-05-17
R01468,L00483,4427927.172621336,2024-12-08
R01469,L00716,7450000.0,2023-08-15
R01470,L00716,7450000.0,2023-08-28
R01471,L01730,6100000.0,2024-10-24
R01472,L01730,6100000.0,2025-01-10
R01473,L00901,4733333.333333333,2023-06-02
R01474,L00901,4733333.333333333,2023-11-20
R01475,L00901,4733333.333333333,2024-02-21
R01476,L01665,1485709.3004866757,2024-03-02
R01477,L01665,1485709.3004866757,2024-10-05
R01478,L01665,1485709.3004866757,2025-03-06
R01479,L00851,5521915.87649519,2025-02-11
R01480,L01784,316931.1984596985,2024-01-13
R01481,L01784,316931.1984596985,2024-03-17
R01482,L01784,316931.1984596985,2024-07-10
R01483,L01784,316931.1984596985,2024-07-30
R01484,L00902,8326412.690392647,2024-11-27
R01485,L01226,950000.0,2023-07-06
R01486,L01226,950000.0,2023-08-22
R01487,L01537,9300000.0,2023-10-06
R01488,L01537,9300000.0,2025-04-27
R01489,L01103,7700000.0,2024-06-17
R01490,L01940,1350000.0,2023-09-18
R01491,L01940,1350000.0,2025-02-28
R01492,L00922,3300000.0,2024-04-13
R01493,L00922,3300000.0,2024-12-08
R01494,L00922,3300000.0,2024-12-12
R01495,L00922,3300000.0,2024-12-28
R01496,L00367,13500000.0,2023-08-23
R01497,L01725,4441198.5206604535,2023-12-15
R01498,L01725,4441198.5206604535,2024-09-17
R01499,L01513,551799.6820493607,2023-09-02
R01500,L01513,551799.6820493607,2023-10-24
R01501,L01513,551799.6820493607,2023-10-31
R01502,L01513,551799.6820493607,2025-05-23
R01503,L00112,3700000.0,2024-04-01
R01504,L00112,3700000.0,2025-03-23
R01505,L00051,4550000.0,2023-11-15
R01506,L00051,4550000.0,2024-05-20
R01507,L00162,8100000.0,2025-03-02
R01508,L01498,2150000.0,2023-10-27
R01509,L01498,2150000.0,2024-02-18
R01510,L01498,2150000.0,2024-12-08
R01511,L01498,2150000.0,2025-01-27
R01512,L01943,5450000.0,2023-08-23
R01513,L01943,5450000.0,2025-01-09
R01514,L00927,2133333.3333333335,2023-07-07
R01515,L00927,2133333.3333333335,2024-04-17
R01516,L00927,2133333.3333333335,2025-05-20
R01517,L01922,8849410.048020365,2024-10-04
R01518,L00976,750000.0,2024-11-04
R01519,L00976,750000.0,2025-03-12
R01520,L00203,950000.0,2023-09-04
R01521,L00203,950000.0,2024-08-31
R01522,L00363,3200000.0,2024-05-15
R01523,L00363,3200000.0,2025-01-20
R01524,L00363,3200000.0,2025-04-23
R01525,L01898,5607674.128567485,2024-05-21
R01526,L00836,1750000.0,2024-08-31
R01527,L00836,1750000.0,2024-10-24
R01528,L00435,2400000.0,2023-09-13
R01529,L00435,2400000.0,2024-06-26
R01530,L00708,11500000.0,2024-06-22
R01531,L00797,6400000.0,2023-06-04
R01532,L00797,6400000.0,2024-07-16
R01533,L00797,6400000.0,2024-12-23
R01534,L01888,4666666.666666667,2023-07-08
R01535,L01888,4666666.666666667,2024-08-03
R01536,L01888,4666666.666666667,2025-05-27
R01537,L01930,4633333.333333333,2024-05-02
R01538,L01930,4633333.333333333,2024-08-28
R01539,L01930,4633333.333333333,2025-03-13
R01540,L01163,6500000.0,2024-06-10
R01541,L01163,6500000.0,2024-06-29
R01542,L01163,6500000.0,2025-05-18
R01543,L01329,6000000.0,2025-01-27
R01544,L00841,3028783.8175440417,2023-10-16
R01545,L00841,3028783.8175440417,2025-05-07
R01546,L00841,3028783.8175440417,2025-05-16
R01547,L00568,5400000.0,2024-08-23
R01548,L00568,5400000.0,2024-11-19
R01549,L00466,16900000.0,2023-10-13
R01550,L00418,12530381.181916285,2024-12-19
R01551,L01061,2975000.0,2023-08-20
R01552,L01061,2975000.0,2023-09-08
R01553,L01061,2975000.0,2024-03-27
R01554,L01061,2975000.0,2025-02-23
R01555,L01772,8900000.0,2024-09-09
R01556,L01772,8900000.0,2024-10-23
R01557,L01474,4099562.6173628126,2024-09-13
R01558,L01474,4099562.6173628126,2025-04-16
R01559,L01641,8850000.0,2024-02-05
R01560,L01641,8850000.0,2024-06-26
R01561,L01241,2554691.355170857,2024-03-25
R01562,L01241,2554691.355170857,2024-04-21
R01563,L01241,2554691.355170857,2024-09-16
R01564,L01241,2554691.355170857,2025-04-15
R01565,L01859,3533333.3333333335,2024-11-19
R01566,L01859,3533333.3333333335,2025-01-13
R01567,L01859,3533333.3333333335,2025-05-12
R01568,L00794,525000.0,2023-12-10
R01569,L00794,525000.0,2023-12-30
R01570,L00794,525000.0,2024-02-22
R01571,L00794,525000.0,2024-04-05
R01572,L00409,2200000.0,2024-01-15
R01573,L00409,2200000.0,2024-05-17
R01574,L00868,6700000.0,2023-09-12
R01575,L00868,6700000.0,2025-02-15
R01576,L00397,9600000.0,2023-09-16
R01577,L01549,1966666.6666666667,2024-04-16
R01578,L01549,1966666.6666666667,2024-09-10
R01579,L01549,1966666.6666666667,2024-11-25
R01580,L01486,3725000.0,2024-01-19
R01581,L01486,3725000.0,2024-07-02
R01582,L01486,3725000.0,2025-01-02
R01583,L01486,3725000.0,2025-04-19
R01584,L00208,1922267.7129014349,2024-07-30
R01585,L00208,1922267.7129014349,2024-11-26
R01586,L00208,1922267.7129014349,2025-03-16
R01587,L00208,1922267.7129014349,2025-03-30
R01588,L00016,1761241.4420565784,2024-01-30
R01589,L00212,5000000.0,2024-12-04
R01590,L00212,5000000.0,2024-12-24
R01591,L00325,2000000.0,2025-05-27
R01592,L01846,3200000.0,2024-08-03
R01593,L01787,425000.0,2023-11-04
R01594,L01787,425000.0,2023-11-10
R01595,L01787,425000.0,2023-11-16
R01596,L01787,425000.0,2024-10-04
R01597,L01118,2400000.0,2024-09-27
R01598,L00171,1837828.1576273616,2024-01-12
R01599,L00171,1837828.1576273616,2024-12-06
R01600,L00682,9300000.0,2024-11-15
R01601,L01440,3866666.6666666665,2024-02-24
R01602,L01440,3866666.6666666665,2024-11-04
R01603,L01440,3866666.6666666665,2025-05-16
R01604,L01194,9200000.0,2023-09-12
R01605,L01620,3600000.0,2024-12-03
R01606,L00694,17300000.0,2024-10-17
R01607,L00172,439901.5226649035,2023-10-17
R01608,L00172,439901.5226649035,2024-06-26
R01609,L00172,439901.5226649035,2024-07-26
R01610,L01755,8750000.0,2024-10-07
R01611,L01755,8750000.0,2024-11-21
R01612,L01239,2333636.30996114,2023-08-29
R01613,L01239,2333636.30996114,2024-02-06
R01614,L01239,2333636.30996114,2024-12-03
R01615,L01239,2333636.30996114,2025-01-11
R01616,L00278,4150000.0,2024-02-29
R01617,L00278,4150000.0,2024-08-10
R01618,L01718,1233333.3333333333,2024-06-08
R01619,L01718,1233333.3333333333,2024-08-17
R01620,L01718,1233333.3333333333,2024-08-26
R01621,L00505,14000000.0,2024-10-31
R01622,L00405,16900000.0,2024-12-03
R01623,L01464,1884571.1573344644,2024-04-20
R01624,L01464,1884571.1573344644,2024-11-05
R01625,L01464,1884571.1573344644,2025-01-01
R01626,L00373,4200000.0,2024-01-09
R01627,L00373,4200000.0,2024-07-19
R01628,L00373,4200000.0,2025-03-15
R01629,L00373,4200000.0,2025-04-25
R01630,L01261,3900000.0,2024-04-24
R01631,L01261,3900000.0,2025-02-17
R01632,L01261,3900000.0,2025-03-20
R01633,L01261,3900000.0,2025-04-12
R01634,L01949,1775000.0,2023-06-10
R01635,L01949,1775000.0,2023-06-20
R01636,L01949,1775000.0,2023-08-22
R01637,L01949,1775000.0,2024-07-11
R01638,L00944,575000.0,2023-07-12
R01639,L00944,575000.0,2023-09-21
R01640,L00944,575000.0,2024-03-22
R01641,L00944,575000.0,2024-11-02
R01642,L01860,2400000.0,2023-07-14
R01643,L01860,2400000.0,2023-11-03
R01644,L01860,2400000.0,2023-12-25
R01645,L00239,7300000.0,2025-01-03
R01646,L01521,500000.0,2023-10-04
R01647,L01521,500000.0,2024-01-09
R01648,L01521,500000.0,2025-01-31
R01649,L00710,20000000.0,2024-11-12
R01650,L00624,9600000.0,2023-09-22
R01651,L00624,9600000.0,2023-12-12
R01652,L00749,4800000.0,2023-07-19
R01653,L00749,4800000.0,2024-11-18
R01654,L00749,4800000.0,2025-03-13
R01655,L01472,8750000.0,2024-01-16
R01656,L01472,8750000.0,2025-01-30
R01657,L01794,2966666.6666666665,2023-11-06
R01658,L01794,2966666.6666666665,2024-07-25
R01659,L01794,2966666.6666666665,2025-01-06
R01660,L00006,8465041.363481598,2023-06-26
R01661,L01047,973730.4254767223,2024-03-05
R01662,L01047,973730.4254767223,2024-05-17
R01663,L01047,973730.4254767223,2025-02-22
R01664,L00579,372669.49154564296,2023-08-19
R01665,L00579,372669.49154564296,2024-09-21
R01666,L00579,372669.49154564296,2025-04-05
R01667,L00400,3600000.0,2024-11-06
R01668,L00009,9700000.0,2024-12-26
R01669,L00275,4300000.0,2024-08-10
R01670,L00275,4300000.0,2025-04-02
R01671,L00680,1774431.9232129317,2023-11-22
R01672,L00680,1774431.9232129317,2024-12-28
R01673,L01049,1375000.0,2023-12-02
R01674,L01049,1375000.0,2024-03-29
R01675,L01049,1375000.0,2024-08-09
R01676,L01049,1375000.0,2024-10-15
R01677,L00048,6800000.0,2024-07-01
R01678,L00674,11700000.0,2025-01-30
R01679,L00303,332101.24495803297,2024-01-10
R01680,L00303,332101.24495803297,2024-11-22
R01681,L00303,332101.24495803297,2025-02-08
R01682,L00303,332101.24495803297,2025-02-10
R01683,L00168,6450000.0,2024-10-29
R01684,L00168,6450000.0,2024-11-20
R01685,L01767,572112.3462965392,2023-07-07
R01686,L01767,572112.3462965392,2024-03-23
R01687,L01767,572112.3462965392,2024-03-28
R01688,L01767,572112.3462965392,2025-05-20
R01689,L01593,594060.3541192682,2024-01-29
R01690,L01593,594060.3541192682,2024-04-19
R01691,L01593,594060.3541192682,2024-11-14
R01692,L01593,594060.3541192682,2025-02-02
R01693,L00848,5353106.1659310125,2023-07-12
R01694,L00848,5353106.1659310125,2024-08-02
R01695,L01083,3525000.0,2023-06-11
R01696,L01083,3525000.0,2023-11-05
R01697,L01083,3525000.0,2023-12-13
R01698,L01083,3525000.0,2024-12-29
R01699,L01142,8850000.0,2024-09-25
R01700,L01142,8850000.0,2025-04-05
R01701,L01431,1101012.146426747,2024-05-10
R01702,L01431,1101012.146426747,2025-01-27
R01703,L01431,1101012.146426747,2025-03-30
R01704,L01431,1101012.146426747,2025-04-06
R01705,L01053,5250000.0,2023-11-23
R01706,L01053,5250000.0,2025-03-06
R01707,L01829,3099403.2317122463,2024-10-05
R01708,L01829,3099403.2317122463,2025-05-08
R01709,L00719,5350000.0,2024-11-29
R01710,L00719,5350000.0,2024-12-03
R01711,L01970,9400000.0,2024-10-16
R01712,L00827,1266666.6666666667,2024-03-12
R01713,L00827,1266666.6666666667,2024-08-31
R01714,L00827,1266666.6666666667,2025-01-07
R01715,L01563,13400000.0,2024-07-29
R01716,L01856,6400000.0,2024-12-25
R01717,L00467,1643416.1071561303,2023-10-31
R01718,L00467,1643416.1071561303,2024-09-11
R01719,L00467,1643416.1071561303,2025-01-23
R01720,L00393,9300000.0,2023-10-29
R01721,L00393,9300000.0,2024-12-15
R01722,L00549,9100000.0,2024-01-15
R01723,L00549,9100000.0,2024-05-14
R01724,L00398,3375000.0,2023-07-28
R01725,L00398,3375000.0,2023-10-16
R01726,L00398,3375000.0,2023-10-24
R01727,L00398,3375000.0,2024-11-12
R01728,L01874,5050000.0,2023-10-13
R01729,L01874,5050000.0,2024-12-22
R01730,L01330,4000000.0,2023-09-01
R01731,L01330,4000000.0,2024-07-04
R01732,L01927,17600000.0,2024-03-19
R01733,L01522,1700000.0,2023-07-02
R01734,L01522,1700000.0,2024-01-03
R01735,L01522,1700000.0,2024-04-28
R01736,L01522,1700000.0,2024-08-06
R01737,L00524,10300000.0,2023-12-23
R01738,L00687,2450000.0,2023-09-10
R01739,L00687,2450000.0,2023-10-03
R01740,L00687,2450000.0,2024-08-27
R01741,L00687,2450000.0,2025-03-19
R01742,L00737,3433333.3333333335,2023-06-05
R01743,L00737,3433333.3333333335,2023-12-16
R01744,L00737,3433333.3333333335,2024-02-12
R01745,L01852,11600000.0,2024-05-28
R01746,L01169,1100000.0,2023-07-02
R01747,L01169,1100000.0,2023-09-29
R01748,L01169,1100000.0,2024-12-03
R01749,L01169,1100000.0,2025-05-29
R01750,L01106,5000000.0,2023-09-28
R01751,L01106,5000000.0,2024-02-06
R01752,L01106,5000000.0,2025-05-22
R01753,L01945,1028837.3344636228,2023-07-10
R01754,L01945,1028837.3344636228,2024-09-06
R01755,L01945,1028837.3344636228,2025-01-21
R01756,L01945,1028837.3344636228,2025-05-25
R01757,L01043,2500000.0,2024-09-21
R01758,L01043,2500000.0,2024-09-28
R01759,L00283,3100000.0,2025-03-16
R01760,L01439,5750000.0,2024-01-20
R01761,L01439,5750000.0,2024-10-27
R01762,L01138,2500000.0,2024-06-16
R01763,L01800,4000000.0,2024-03-05
R01764,L01800,4000000.0,2024-08-01
R01765,L01800,4000000.0,2024-08-18
R01766,L01800,4000000.0,2025-02-03
R01767,L00965,5466666.666666667,2023-07-27
R01768,L00965,5466666.666666667,2024-12-01
R01769,L00965,5466666.666666667,2025-01-29
R01770,L00084,7350000.0,2024-02-02
R01771,L00084,7350000.0,2024-07-13
R01772,L00487,3450000.0,2023-10-21
R01773,L00487,3450000.0,2023-11-18
R01774,L00717,4397313.660273118,2024-07-09
R01775,L00030,1025000.0,2023-07-23
R01776,L00030,1025000.0,2023-10-02
R01777,L00030,1025000.0,2024-06-27
R01778,L00030,1025000.0,2025-01-31
R01779,L00260,6900000.0,2024-04-19
R01780,L01556,6800000.0,2024-07-22
R01781,L01556,6800000.0,2024-07-26
R01782,L01511,874683.5140278235,2024-04-09
R01783,L00667,1823748.8699236189,2023-08-11
R01784,L00667,1823748.8699236189,2023-11-19
R01785,L00667,1823748.8699236189,2024-02-27
R01786,L00667,1823748.8699236189,2025-04-17
R01787,L01039,3575000.0,2023-11-13
R01788,L01039,3575000.0,2024-02-13
R01789,L01039,3575000.0,2024-02-13
R01790,L01039,3575000.0,2024-10-28
R01791,L00929,6200000.0,2024-01-15
R01792,L00929,6200000.0,2024-03-07
R01793,L00109,15500000.0,2023-11-17
R01794,L01808,8200000.0,2025-01-05
R01795,L00342,3166666.6666666665,2024-06-03
R01796,L00342,3166666.6666666665,2024-07-17
R01797,L00342,3166666.6666666665,2024-09-23
R01798,L01301,4985847.747246665,2024-08-10
R01799,L01100,6650000.0,2025-01-05
R01800,L01100,6650000.0,2025-03-01
R01801,L01815,6200000.0,2024-10-17
R01802,L01810,4921201.375481159,2023-06-07
R01803,L00788,407691.9244728618,2023-08-29
R01804,L00788,407691.9244728618,2024-11-01
R01805,L01380,2033333.3333333333,2023-12-04
R01806,L01380,2033333.3333333333,2024-02-24
R01807,L01380,2033333.3333333333,2024-05-12
R01808,L01872,10862981.891236104,2025-05-03
R01809,L00626,6950000.0,2024-09-19
R01810,L00626,6950000.0,2024-10-11
R01811,L00343,11672451.724138374,2025-05-14
R01812,L01011,4625000.0,2023-07-01
R01813,L01011,4625000.0,2023-12-07
R01814,L01011,4625000.0,2024-09-25
R01815,L01011,4625000.0,2024-11-12
R01816,L00452,15200000.0,2025-04-18
R01817,L00776,2633333.3333333335,2024-02-05
R01818,L00776,2633333.3333333335,2024-03-23
R01819,L00776,2633333.3333333335,2025-05-12
R01820,L00005,1330660.0931974573,2023-08-28
R01821,L00005,1330660.0931974573,2025-02-08
R01822,L00010,4600000.0,2023-12-17
R01823,L00010,4600000.0,2024-03-26
R01824,L00010,4600000.0,2024-07-24
R01825,L00010,4600000.0,2024-12-14
R01826,L00389,15800000.0,2024-01-06
R01827,L01361,1708259.2814334035,2023-06-20
R01828,L01361,1708259.2814334035,2024-07-06
R01829,L01361,1708259.2814334035,2025-05-08
R01830,L00930,10800000.0,2025-02-28
R01831,L00832,7950000.0,2024-03-18
R01832,L00832,7950000.0,2025-01-19
R01833,L00455,2543046.3092000876,2024-05-12
R01834,L00455,2543046.3092000876,2024-06-30
R01835,L00455,2543046.3092000876,2024-07-04
R01836,L00455,2543046.3092000876,2025-02-13
R01837,L01974,1500000.0,2023-07-05
R01838,L01974,1500000.0,2024-06-13
R01839,L00264,475000.0,2023-10-28
R01840,L00264,475000.0,2024-01-17
R01841,L00264,475000.0,2024-10-19
R01842,L00264,475000.0,2025-04-28
R01843,L01979,2652680.5330520454,2024-02-04
R01844,L01979,2652680.5330520454,2024-07-04
R01845,L00034,2143506.0876843003,2023-08-03
R01846,L00034,2143506.0876843003,2023-08-14
R01847,L01449,8200000.0,2023-10-09
R01848,L01449,8200000.0,2025-01-21
R01849,L01228,1500000.0,2023-06-06
R01850,L01228,1500000.0,2024-07-19
R01851,L01228,1500000.0,2024-07-22
R01852,L01835,3900000.0,2023-07-21
R01853,L01835,3900000.0,2023-11-11
R01854,L01835,3900000.0,2024-09-29
R01855,L01984,4125000.0,2023-11-13
R01856,L01984,4125000.0,2024-10-01
R01857,L01984,4125000.0,2024-11-02
R01858,L01984,4125000.0,2025-01-21
R01859,L00798,6200000.0,2024-11-14
R01860,L00798,6200000.0,2025-04-02
R01861,L01051,5349439.971978185,2024-04-25
R01862,L00899,1702559.9964568627,2023-08-20
R01863,L00899,1702559.9964568627,2025-03-11
R01864,L00864,4000000.0,2023-11-07
R01865,L00864,4000000.0,2024-07-22
R01866,L00864,4000000.0,2024-11-27
R01867,L00864,4000000.0,2025-03-05
R01868,L01162,3333333.3333333335,2024-12-27
R01869,L01162,3333333.3333333335,2025-01-23
R01870,L01162,3333333.3333333335,2025-04-13
R01871,L00780,16400000.0,2024-05-04
R01872,L01199,1279678.748423398,2023-07-27
R01873,L01199,1279678.748423398,2024-10-15
R01874,L01199,1279678.748423398,2025-02-24
R01875,L01199,1279678.748423398,2025-05-30
R01876,L00319,1161637.393676733,2024-11-14
R01877,L00319,1161637.393676733,2025-01-01
R01878,L00031,3966666.6666666665,2023-06-19
R01879,L00031,3966666.6666666665,2023-09-28
R01880,L00031,3966666.6666666665,2024-05-22
R01881,L00421,1550000.0,2023-06-30
R01882,L00421,1550000.0,2023-08-07
R01883,L00421,1550000.0,2024-02-13
R01884,L00421,1550000.0,2024-12-08
R01885,L00709,2825000.0,2023-07-13
R01886,L00709,2825000.0,2023-07-27
R01887,L00709,2825000.0,2023-10-17
R01888,L00709,2825000.0,2025-02-06
R01889,L00061,2251555.512463398,2023-07-25
R01890,L00061,2251555.512463398,2023-12-13
R01891,L00061,2251555.512463398,2024-08-07
R01892,L00061,2251555.512463398,2024-08-20
R01893,L00132,1000000.0,2023-11-24
R01894,L00132,1000000.0,2025-02-28
R01895,L00436,4300000.0,2023-12-18
R01896,L00436,4300000.0,2024-04-12
R01897,L00436,4300000.0,2025-05-08
R01898,L00069,2468613.885198223,2024-03-28
R01899,L00069,2468613.885198223,2024-04-10
R01900,L00069,2468613.885198223,2024-05-16
R01901,L00069,2468613.885198223,2024-10-02
R01902,L01136,12200916.414329685,2024-05-02
R01903,L00262,1400000.0,2023-06-14
R01904,L00262,1400000.0,2024-02-01
R01905,L00150,4200000.0,2024-03-29
R01906,L01234,1950000.0,2023-08-31
R01907,L01234,1950000.0,2024-11-04
R01908,L01259,533333.3333333334,2023-06-05
R01909,L01259,533333.3333333334,2024-07-20
R01910,L01259,533333.3333333334,2024-10-11
R01911,L00093,2965175.1095772297,2024-12-11
R01912,L01742,3950000.0,2023-07-20
R01913,L01742,3950000.0,2024-09-23
R01914,L01094,350000.0,2023-07-06
R01915,L01094,350000.0,2024-08-28
R01916,L01094,350000.0,2024-12-31
R01917,L01094,350000.0,2025-01-08
R01918,L01009,670480.6102451558,2023-07-27
R01919,L01009,670480.6102451558,2024-03-04
R01920,L01009,670480.6102451558,2024-11-26
R01921,L01009,670480.6102451558,2025-03-20
R01922,L00056,1825203.651281943,2023-08-22
R01923,L00056,1825203.651281943,2024-01-12
R01924,L00056,1825203.651281943,2024-06-25
R01925,L00056,1825203.651281943,2025-05-21
R01926,L01694,2350192.2218549275,2024-01-21
R01927,L01694,2350192.2218549275,2024-11-14
R01928,L01694,2350192.2218549275,2025-02-01
R01929,L00651,4527483.411499643,2023-08-07
R01930,L00651,4527483.411499643,2024-09-14
R01931,L01230,792927.8283376027,2024-01-05
R01932,L01230,792927.8283376027,2024-05-05
R01933,L01230,792927.8283376027,2025-01-15
R01934,L01230,792927.8283376027,2025-05-20
R01935,L01107,4475000.0,2024-03-23
R01936,L01107,4475000.0,2024-04-02
R01937,L01107,4475000.0,2024-10-26
R01938,L01107,4475000.0,2025-02-28
R01939,L01224,1150000.0,2023-06-24
R01940,L01224,1150000.0,2023-09-30
R01941,L01224,1150000.0,2024-06-03
R01942,L01224,1150000.0,2024-07-19
R01943,L01116,2975000.0,2023-09-14
R01944,L01116,2975000.0,2023-11-18
R01945,L01116,2975000.0,2024-03-30
R01946,L01116,2975000.0,2025-01-01
R01947,L00664,292282.0221258621,2024-07-28
R01948,L00664,292282.0221258621,2025-02-08
R01949,L00664,292282.0221258621,2025-02-09
R01950,L00664,292282.0221258621,2025-03-21
R01951,L01737,16100000.0,2024-01-16
R01952,L00747,6533333.333333333,2023-09-20
R01953,L00747,6533333.333333333,2024-01-18
R01954,L00747,6533333.333333333,2024-10-05
R01955,L00576,2646736.5051929196,2024-11-08
R01956,L00576,2646736.5051929196,2025-02-07
R01957,L00576,2646736.5051929196,2025-04-19
R01958,L00576,2646736.5051929196,2025-05-11
R01959,L01145,2833333.3333333335,2024-10-16
R01960,L01145,2833333.3333333335,2024-12-18
R01961,L01145,2833333.3333333335,2025-04-04
R01962,L01715,3150000.0,2023-06-09
R01963,L01715,3150000.0,2024-03-16
R01964,L01715,3150000.0,2024-08-03
R01965,L01715,3150000.0,2025-04-10
R01966,L01091,2571485.5498453896,2023-09-04
R01967,L01091,2571485.5498453896,2023-09-18
R01968,L01091,2571485.5498453896,2024-08-05
R01969,L01993,9250000.0,2023-06-04
R01970,L01993,9250000.0,2023-07-03
R01971,L00077,3875000.0,2024-04-02
R01972,L00077,3875000.0,2024-07-22
R01973,L00077,3875000.0,2024-08-18
R01974,L00077,3875000.0,2024-09-06
R01975,L01262,10900000.0,2024-07-30
R01976,L00117,8000000.0,2023-08-06
R01977,L00117,8000000.0,2024-01-23
R01978,L00833,5300000.0,2023-11-11
R01979,L00833,5300000.0,2025-01-02
R01980,L01995,3233333.3333333335,2024-12-15
R01981,L01995,3233333.3333333335,2024-12-27
R01982,L01995,3233333.3333333335,2025-05-02
R01983,L00242,9100000.0,2023-11-12
R01984,L00242,9100000.0,2024-02-23
R01985,L00352,900000.0,2024-04-16
R01986,L00352,900000.0,2024-10-14
R01987,L00352,900000.0,2025-05-04
R01988,L00870,1750000.0,2023-09-19
R01989,L00870,1750000.0,2023-10-04
R01990,L00870,1750000.0,2024-07-03
R01991,L00870,1750000.0,2025-03-23
R01992,L00448,5050000.0,2023-10-21
R01993,L00448,5050000.0,2023-11-19
R01994,L00646,4100000.0,2024-09-22
R01995,L01154,6400000.0,2025-03-10
R01996,L01076,2447499.2109789723,2023-10-29
R01997,L01076,2447499.2109789723,2023-12-14
R01998,L00223,1500000.0,2023-08-29
R01999,L00223,1500000.0,2023-10-19
R02000,L01371,1250000.0,2024-11-03
R02001,L01371,1250000.0,2025-02-11
R02002,L01384,3626876.7775387797,2024-08-14
R02003,L01384,3626876.7775387797,2025-03-23
R02004,L00137,5900000.0,2023-07-13
R02005,L00137,5900000.0,2025-03-23
R02006,L01168,4991264.743081001,2025-01-04
R02007,L00053,1584918.663300732,2024-05-24
R02008,L00053,1584918.663300732,2024-07-31
R02009,L00053,1584918.663300732,2025-05-25
R02010,L00933,566666.6666666666,2023-07-27
R02011,L00933,566666.6666666666,2024-07-31
R02012,L00933,566666.6666666666,2024-10-13
R02013,L00156,1557804.1313573762,2023-07-23
R02014,L00156,1557804.1313573762,2023-12-12
R02015,L00156,1557804.1313573762,2024-01-12
R02016,L00156,1557804.1313573762,2024-11-03
R02017,L00252,6600000.0,2023-08-16
R02018,L00252,6600000.0,2023-11-01
R02019,L00252,6600000.0,2024-12-15
R02020,L01153,1900000.0,2024-02-12
R02021,L01153,1900000.0,2024-06-13
R02022,L01153,1900000.0,2024-08-24
R02023,L00066,1675000.0,2023-09-08
R02024,L00066,1675000.0,2024-03-04
R02025,L00066,1675000.0,2024-10-22
R02026,L00066,1675000.0,2024-11-03
R02027,L01606,3375000.0,2023-08-17
R02028,L01606,3375000.0,2023-11-30
R02029,L01606,3375000.0,2024-01-08
R02030,L01606,3375000.0,2024-09-24
R02031,L00677,2275000.0,2023-07-25
R02032,L00677,2275000.0,2023-10-29
R02033,L00677,2275000.0,2024-02-02
R02034,L00677,2275000.0,2025-04-30
R02035,L00086,20000000.0,2024-06-12
R02036,L01283,2047729.0988707407,2024-05-16
R02037,L01830,2363496.900647073,2024-02-11
R02038,L01213,6400000.0,2024-09-21
R02039,L01349,1839925.7679487506,2024-10-25
R02040,L00224,3675000.0,2023-09-27
R02041,L00224,3675000.0,2024-01-24
R02042,L00224,3675000.0,2024-08-27
R02043,L00224,3675000.0,2024-11-20
R02044,L00169,5700000.0,2024-08-13
R02045,L00995,1925000.0,2024-02-01
R02046,L00995,1925000.0,2024-03-10
R02047,L00995,1925000.0,2024-08-14
R02048,L00995,1925000.0,2025-02-17
R02049,L00163,325000.0,2023-06-04
R02050,L00163,325000.0,2023-10-09
R02051,L00163,325000.0,2024-01-30
R02052,L00163,325000.0,2024-04-28
R02053,L00101,17100000.0,2023-12-09
R02054,L01626,2680270.6019934667,2023-11-20
R02055,L01626,2680270.6019934667,2025-01-31
R02056,L00131,6700000.0,2024-12-05
R02057,L01562,666666.6666666666,2024-05-04
R02058,L01562,666666.6666666666,2024-10-10
R02059,L01562,666666.6666666666,2024-12-26
R02060,L00673,3025000.0,2023-09-13
R02061,L00673,3025000.0,2024-01-01
R02062,L00673,3025000.0,2024-03-06
R02063,L00673,3025000.0,2025-03-14
R02064,L01034,2625000.0,2024-02-13
R02065,L01034,2625000.0,2024-11-09
R02066,L01034,2625000.0,2024-12-21
R02067,L01034,2625000.0,2025-04-12
R02068,L00596,1145638.947739187,2024-05-11
R02069,L00596,1145638.947739187,2024-05-25
R02070,L00596,1145638.947739187,2024-06-07
R02071,L00205,4533333.333333333,2024-01-24
R02072,L00205,4533333.333333333,2024-03-05
R02073,L00205,4533333.333333333,2025-01-22
R02074,L00309,2063835.418137771,2023-08-24
R02075,L00309,2063835.418137771,2023-10-15
R02076,L00309,2063835.418137771,2024-06-13
R02077,L00309,2063835.418137771,2024-08-02
R02078,L00383,1343738.6048692944,2024-10-14
R02079,L00554,7100000.0,2024-09-14
R02080,L01046,12600000.0,2023-08-03
R02081,L00419,3157565.2557713045,2024-01-04
R02082,L00419,3157565.2557713045,2025-03-15
R02083,L01583,6200000.0,2023-09-17
R02084,L01583,6200000.0,2025-03-03
R02085,L01583,6200000.0,2025-03-28
R02086,L00122,2475000.0,2023-10-31
R02087,L00122,2475000.0,2023-12-22
R02088,L00122,2475000.0,2024-07-23
R02089,L00122,2475000.0,2025-04-23
R02090,L01065,1375000.0,2023-07-30
R02091,L01065,1375000.0,2024-09-29
R02092,L01065,1375000.0,2024-12-21
R02093,L01065,1375000.0,2025-04-19
R02094,L01975,1000000.0,2023-07-29
R02095,L01975,1000000.0,2024-12-17
R02096,L00923,1557734.224672057,2023-06-15
R02097,L00923,1557734.224672057,2024-06-28
R02098,L00923,1557734.224672057,2025-03-21
R02099,L00923,1557734.224672057,2025-04-23
R02100,L01246,7850000.0,2023-06-25
R02101,L01246,7850000.0,2024-10-03
R02102,L01374,11600000.0,2025-02-21
R02103,L00520,1000000.0,2024-08-23
R02104,L00520,1000000.0,2024-08-25
R02105,L00127,4475000.0,2023-11-13
R02106,L00127,4475000.0,2024-04-10
R02107,L00127,4475000.0,2024-09-01
R02108,L00127,4475000.0,2025-01-18
R02109,L00540,1547250.4095901183,2023-06-29
R02110,L00540,1547250.4095901183,2025-05-04
R02111,L00095,2600000.0,2023-12-20
R02112,L00095,2600000.0,2024-08-02
R02113,L01809,2300000.0,2024-07-27
R02114,L01245,525000.0,2024-06-01
R02115,L01245,525000.0,2024-07-24
R02116,L01245,525000.0,2024-10-20
R02117,L01245,525000.0,2025-04-25
R02118,L01823,8191891.45897842,2025-01-23
R02119,L00377,2283468.168452278,2023-09-24
R02120,L00377,2283468.168452278,2023-11-21
R02121,L00377,2283468.168452278,2024-03-11
R02122,L00377,2283468.168452278,2024-03-31
R02123,L01734,1017944.9668189498,2024-08-31
R02124,L01734,1017944.9668189498,2025-01-20
R02125,L01734,1017944.9668189498,2025-04-23
R02126,L01693,6150000.0,2024-12-21
R02127,L01693,6150000.0,2025-03-27
R02128,L01644,4700000.0,2023-09-12
R02129,L01644,4700000.0,2024-01-13
R02130,L01024,787657.7311287351,2023-08-10
R02131,L01024,787657.7311287351,2024-05-26
R02132,L01024,787657.7311287351,2024-06-24
R02133,L01024,787657.7311287351,2024-07-01
R02134,L00952,6250000.0,2024-03-09
R02135,L00952,6250000.0,2024-04-04
R02136,L00916,12700000.0,2024-06-25
R02137,L00480,16200000.0,2023-06-09
R02138,L00294,1106229.8707588306,2023-12-03
R02139,L00294,1106229.8707588306,2024-10-27
R02140,L00294,1106229.8707588306,2025-02-16
R02141,L00294,1106229.8707588306,2025-03-20
R02142,L01669,1566666.6666666667,2023-10-07
R02143,L01669,1566666.6666666667,2024-09-19
R02144,L01669,1566666.6666666667,2024-11-13
R02145,L00334,4850000.0,2023-09-18
R02146,L00334,4850000.0,2024-05-12
R02147,L00334,4850000.0,2024-07-04
R02148,L00334,4850000.0,2025-01-09
R02149,L00381,8757140.257268615,2023-10-02
R02150,L01817,2750000.0,2023-10-18
R02151,L01817,2750000.0,2024-08-13
R02152,L01817,2750000.0,2024-08-13
R02153,L01817,2750000.0,2024-10-25
R02154,L00146,8534298.596736956,2025-04-08
R02155,L01625,2606427.6092482624,2023-09-22
R02156,L01625,2606427.6092482624,2024-12-23
R02157,L00842,2725000.0,2024-03-05
R02158,L00842,2725000.0,2024-06-10
R02159,L00842,2725000.0,2024-12-20
R02160,L00842,2725000.0,2025-05-30
R02161,L00311,6336742.383759725,2023-07-02
R02162,L00311,6336742.383759725,2023-11-17
R02163,L01642,8900000.0,2025-01-12
R02164,L01445,1800000.0,2023-11-28
R02165,L01445,1800000.0,2024-06-13
R02166,L00092,11900000.0,2023-07-19
R02167,L00119,2301952.063970377,2023-12-23
R02168,L01196,1254966.4931027659,2023-07-04
R02169,L01196,1254966.4931027659,2023-11-29
R02170,L01196,1254966.4931027659,2024-03-13
R02171,L00040,15600000.0,2024-11-01
R02172,L00998,5154063.213751245,2023-11-08
R02173,L00998,5154063.213751245,2024-07-07
R02174,L01543,3200000.0,2024-03-07
R02175,L01543,3200000.0,2025-02-04
R02176,L01543,3200000.0,2025-05-06
R02177,L00556,19000000.0,2024-03-28
R02178,L00553,7432032.572618694,2024-05-30
R02179,L00961,9500000.0,2024-05-19
R02180,L00961,9500000.0,2025-05-13
R02181,L00897,1700000.0,2023-07-01
R02182,L00897,1700000.0,2023-07-07
R02183,L00897,1700000.0,2025-04-15
R02184,L01373,733333.3333333334,2023-08-20
R02185,L01373,733333.3333333334,2024-02-07
R02186,L01373,733333.3333333334,2024-10-16
R02187,L01610,6300000.0,2024-07-09
R02188,L01610,6300000.0,2024-11-28
R02189,L00002,2010252.9184514629,2023-12-30
R02190,L00002,2010252.9184514629,2024-10-05
R02191,L00002,2010252.9184514629,2025-03-06
R02192,L00002,2010252.9184514629,2025-03-10
R02193,L01654,1096069.2993510796,2023-12-22
R02194,L01654,1096069.2993510796,2024-08-23
R02195,L01654,1096069.2993510796,2024-12-28
R02196,L01994,1705455.0757016267,2023-10-14
R02197,L01994,1705455.0757016267,2024-03-19
R02198,L01994,1705455.0757016267,2024-07-27
R02199,L01994,1705455.0757016267,2024-08-16
R02200,L00098,9100000.0,2024-03-21
R02201,L00098,9100000.0,2024-10-20
R02202,L00108,5466666.666666667,2024-03-10
R02203,L00108,5466666.666666667,2024-08-30
R02204,L00108,5466666.666666667,2024-10-20
R02205,L01175,4400000.0,2023-07-31
R02206,L01175,4400000.0,2025-03-10
R02207,L01175,4400000.0,2025-04-28
R02208,L00105,725000.0,2023-12-13
R02209,L00105,725000.0,2024-03-19
R02210,L00105,725000.0,2024-07-06
R02211,L00105,725000.0,2025-05-05
R02212,L00567,578494.2537428553,2023-11-21
R02213,L00567,578494.2537428553,2024-04-11
R02214,L00567,578494.2537428553,2024-07-06
R02215,L01303,612160.6050126379,2024-02-23
R02216,L01303,612160.6050126379,2024-03-01
R02217,L01303,612160.6050126379,2025-02-24
R02218,L01303,612160.6050126379,2025-04-04
R02219,L00845,11100000.0,2024-06-13
R02220,L01928,2009562.821395533,2024-06-09
R02221,L01928,2009562.821395533,2024-09-12
R02222,L01928,2009562.821395533,2025-02-05
R02223,L01928,2009562.821395533,2025-04-20
R02224,L01442,975000.0,2023-06-06
R02225,L01442,975000.0,2023-09-16
R02226,L01442,975000.0,2024-06-24
R02227,L01442,975000.0,2025-04-16
R02228,L00542,3700000.0,2023-10-07
R02229,L00542,3700000.0,2023-11-26
R02230,L00542,3700000.0,2024-05-07
R02231,L00960,791632.4210826679,2023-07-30
R02232,L00960,791632.4210826679,2024-07-04
R02233,L00960,791632.4210826679,2024-10-12
R02234,L01078,2743123.6472123247,2023-11-12
R02235,L01078,2743123.6472123247,2024-01-05
R02236,L00806,3275865.0437410264,2023-09-25
R02237,L00806,3275865.0437410264,2023-10-01
R02238,L00806,3275865.0437410264,2023-10-24
R02239,L01071,16300000.0,2024-03-08
R02240,L01274,4800000.0,2024-09-10
R02241,L01295,6233333.333333333,2023-08-31
R02242,L01295,6233333.333333333,2024-12-09
R02243,L01295,6233333.333333333,2025-02-24
R02244,L01600,8250000.0,2023-11-26
R02245,L01600,8250000.0,2024-10-26
R02246,L01508,4233333.333333333,2024-02-12
R02247,L01508,4233333.333333333,2024-04-18
R02248,L01508,4233333.333333333,2025-02-20
R02249,L00499,2850000.0,2023-08-28
R02250,L00499,2850000.0,2024-06-09
R02251,L00499,2850000.0,2024-11-06
R02252,L00499,2850000.0,2024-12-11
R02253,L01746,3566666.6666666665,2023-11-11
R02254,L01746,3566666.6666666665,2024-06-06
R02255,L01746,3566666.6666666665,2024-06-07
R02256,L01309,1754425.0610093009,2024-09-01
R02257,L01950,1175000.0,2023-10-04
R02258,L01950,1175000.0,2024-04-15
R02259,L01950,1175000.0,2024-10-15
R02260,L01950,1175000.0,2025-03-09
R02261,L00129,8750000.0,2023-06-18
R02262,L00129,8750000.0,2023-12-07
R02263,L00755,1075000.0,2023-07-04
R02264,L00755,1075000.0,2023-09-08
R02265,L00755,1075000.0,2024-08-19
R02266,L00755,1075000.0,2024-09-03
R02267,L01321,9661080.452285098,2023-10-04
R02268,L00861,2200000.0,2023-07-01
R02269,L00861,2200000.0,2023-09-13
R02270,L00861,2200000.0,2024-07-03
R02271,L00861,2200000.0,2024-10-01
R02272,L01631,18700000.0,2025-04-22
R02273,L01026,2843902.437287621,2023-07-14
R02274,L01026,2843902.437287621,2023-09-23
R02275,L01026,2843902.437287621,2024-08-18
R02276,L01539,16600000.0,2023-10-08
R02277,L01430,4975000.0,2023-10-18
R02278,L01430,4975000.0,2023-12-18
R02279,L01430,4975000.0,2024-07-06
R02280,L01430,4975000.0,2025-05-17
R02281,L00079,16300000.0,2024-04-10
R02282,L00353,4166666.6666666665,2024-08-11
R02283,L00353,4166666.6666666665,2024-09-08
R02284,L00353,4166666.6666666665,2024-10-08
R02285,L01057,17200000.0,2023-06-15
R02286,L00971,1351501.3207007453,2024-10-26
R02287,L00971,1351501.3207007453,2024-12-10
R02288,L00971,1351501.3207007453,2024-12-17
R02289,L00971,1351501.3207007453,2025-04-13
R02290,L01989,3850000.0,2023-08-06
R02291,L01989,3850000.0,2023-11-16
R02292,L01989,3850000.0,2024-01-07
R02293,L01989,3850000.0,2025-02-27
R02294,L00297,16900000.0,2024-05-14
R02295,L00276,1516222.5379614055,2024-06-01
R02296,L00276,1516222.5379614055,2024-06-09
R02297,L00276,1516222.5379614055,2024-09-14
R02298,L00276,1516222.5379614055,2025-04-04
R02299,L00180,4757842.349809257,2023-10-11
R02300,L01870,4600000.0,2023-11-18
R02301,L01870,4600000.0,2024-04-15
R02302,L01870,4600000.0,2025-03-06
R02303,L00464,2193472.306740476,2023-09-19
R02304,L00464,2193472.306740476,2024-09-09
R02305,L01781,3987768.340481888,2025-02-07
R02306,L00147,550000.0,2024-08-26
R02307,L00147,550000.0,2025-02-27
R02308,L01517,3000000.0,2023-10-20
R02309,L01517,3000000.0,2024-09-27
R02310,L01517,3000000.0,2025-01-17
R02311,L01976,1683073.2418740701,2024-07-01
R02312,L01976,1683073.2418740701,2024-10-25
R02313,L00312,6850000.0,2023-10-09
R02314,L00312,6850000.0,2023-12-23
R02315,L01931,1166666.6666666667,2024-02-22
R02316,L01931,1166666.6666666667,2024-11-14
R02317,L01931,1166666.6666666667,2024-12-14
R02318,L01622,16200000.0,2025-05-17
R02319,L01432,6700000.0,2024-05-18
R02320,L00013,5533333.333333333,2023-07-24
R02321,L00013,5533333.333333333,2024-09-01
R02322,L00013,5533333.333333333,2024-09-06
R02323,L00557,3992111.925078097,2023-11-26
R02324,L01558,476738.43749340205,2023-09-11
R02325,L01558,476738.43749340205,2024-03-20
R02326,L01558,476738.43749340205,2024-03-26
R02327,L01258,3750000.0,2023-06-13
R02328,L01258,3750000.0,2023-08-24
R02329,L01258,3750000.0,2023-11-05
R02330,L01258,3750000.0,2024-07-11
R02331,L00888,1875000.0,2024-06-26
R02332,L00888,1875000.0,2024-11-13
R02333,L00888,1875000.0,2025-03-29
R02334,L00888,1875000.0,2025-05-07
R02335,L00318,1425000.0,2023-09-25
R02336,L00318,1425000.0,2024-04-22
R02337,L00318,1425000.0,2024-09-13
R02338,L00318,1425000.0,2025-03-03
R02339,L01095,1650000.0,2023-08-14
R02340,L01095,1650000.0,2023-10-16
R02341,L00736,1300000.0,2024-06-04
R02342,L00736,1300000.0,2024-09-08
R02343,L00736,1300000.0,2024-09-20
R02344,L00736,1300000.0,2025-05-01
R02345,L00481,3250000.0,2023-07-01
R02346,L00481,3250000.0,2025-04-12
R02347,L01585,1900000.0,2024-06-25
R02348,L01585,1900000.0,2024-07-17
R02349,L01585,1900000.0,2025-01-29
R02350,L01612,2650000.0,2023-08-31
R02351,L01612,2650000.0,2025-01-05
R02352,L00693,8500000.0,2023-08-12
R02353,L00693,8500000.0,2024-06-09
R02354,L01127,7604525.274254173,2024-10-25
R02355,L01147,650000.0,2023-09-10
R02356,L01147,650000.0,2024-07-23
R02357,L01147,650000.0,2024-09-11
R02358,L01147,650000.0,2025-05-01
R02359,L01728,2400000.0,2023-06-01
R02360,L01728,2400000.0,2025-03-04
R02361,L01728,2400000.0,2025-04-27
R02362,L01728,2400000.0,2025-05-29
R02363,L01418,1978476.891999838,2024-10-17
R02364,L01418,1978476.891999838,2024-11-09
R02365,L01418,1978476.891999838,2025-01-22
R02366,L00570,1050000.0,2024-03-14
R02367,L00570,1050000.0,2024-04-22
R02368,L00570,1050000.0,2024-05-01
R02369,L00570,1050000.0,2024-07-10
R02370,L00904,9650000.0,2023-07-04
R02371,L00904,9650000.0,2025-04-10
R02372,L01682,3433333.3333333335,2024-04-29
R02373,L01682,3433333.3333333335,2024-07-16
R02374,L01682,3433333.3333333335,2024-11-23
R02375,L01848,8100000.0,2023-11-26
R02376,L01848,8100000.0,2025-05-29
R02377,L00177,3350000.0,2024-06-09
R02378,L00177,3350000.0,2025-02-13
R02379,L00622,2013144.2069900509,2024-02-28
R02380,L00622,2013144.2069900509,2024-03-23
R02381,L00622,2013144.2069900509,2025-01-18
R02382,L00622,2013144.2069900509,2025-02-03
R02383,L01144,808344.9986589262,2024-08-31
R02384,L01476,600000.0,2024-12-27
R02385,L01476,600000.0,2025-02-14
R02386,L00925,13500000.0,2025-05-06
R02387,L01851,7300000.0,2025-01-12
R02388,L01077,7350000.0,2024-11-23
R02389,L01077,7350000.0,2025-03-12
R02390,L00914,2075000.0,2023-08-15
R02391,L00914,2075000.0,2023-09-12
R02392,L00914,2075000.0,2024-04-26
R02393,L00914,2075000.0,2024-08-21
R02394,L00670,1555926.9609062846,2023-11-28
R02395,L00670,1555926.9609062846,2023-12-15
R02396,L00670,1555926.9609062846,2024-06-05
R02397,L00670,1555926.9609062846,2025-01-15
R02398,L00218,4533333.333333333,2023-08-05
R02399,L00218,4533333.333333333,2025-03-29
R02400,L00218,4533333.333333333,2025-05-07
R02401,L01933,2425000.0,2024-01-07
R02402,L01933,2425000.0,2024-07-27
R02403,L01933,2425000.0,2024-09-07
R02404,L01933,2425000.0,2025-04-12
R02405,L00872,3900000.0,2024-04-13
R02406,L01892,19400000.0,2023-12-18
R02407,L01400,3400000.0,2023-06-05
R02408,L01400,3400000.0,2023-10-25
R02409,L01400,3400000.0,2024-12-02
R02410,L01400,3400000.0,2024-12-29
R02411,L01465,625000.0,2023-06-06
R02412,L01465,625000.0,2024-07-10
R02413,L01465,625000.0,2024-08-22
R02414,L01465,625000.0,2025-02-03
R02415,L01288,2500000.0,2023-06-06
R02416,L01288,2500000.0,2023-08-31
R02417,L01288,2500000.0,2024-03-18
R02418,L01288,2500000.0,2024-07-08
R02419,L01992,16400000.0,2024-10-21
R02420,L00011,7200000.0,2023-11-07
R02421,L00011,7200000.0,2024-11-16
R02422,L01223,12800000.0,2025-02-14
R02423,L00834,1066666.6666666667,2024-02-01
R02424,L00834,1066666.6666666667,2024-03-08
R02425,L00834,1066666.6666666667,2024-04-13
R02426,L01557,255152.4435620238,2023-08-22
R02427,L01557,255152.4435620238,2023-09-29
R02428,L01557,255152.4435620238,2024-04-26
R02429,L00446,452232.45941064355,2023-12-15
R02430,L00446,452232.45941064355,2023-12-20
R02431,L00446,452232.45941064355,2024-08-28
R02432,L00446,452232.45941064355,2024-10-19
R02433,L01200,3900000.0,2024-04-24
R02434,L01200,3900000.0,2024-07-21
R02435,L01200,3900000.0,2025-03-26
R02436,L00977,536687.1873828702,2024-03-11
R02437,L00977,536687.1873828702,2024-08-12
R02438,L00921,5533333.333333333,2024-01-01
R02439,L00921,5533333.333333333,2024-09-18
R02440,L00921,5533333.333333333,2024-11-10
R02441,L00412,1616783.6853112404,2024-04-04
R02442,L01410,7000000.0,2025-01-07
R02443,L01204,4200000.0,2023-11-06
R02444,L01204,4200000.0,2024-04-16
R02445,L01178,2825000.0,2024-06-09
R02446,L01178,2825000.0,2024-08-02
R02447,L01178,2825000.0,2024-08-07
R02448,L01178,2825000.0,2025-01-29
R02449,L01544,700000.0,2023-10-17
R02450,L01544,700000.0,2024-03-14
R02451,L01505,10300000.0,2024-08-08
R02452,L00322,8450000.0,2024-06-10
R02453,L00322,8450000.0,2024-08-05
R02454,L01251,4125000.0,2023-12-15
R02455,L01251,4125000.0,2024-01-25
R02456,L01251,4125000.0,2024-02-23
R02457,L01251,4125000.0,2024-08-22
R02458,L01578,3483495.883627953,2024-04-05
R02459,L01578,3483495.883627953,2024-11-29
R02460,L01578,3483495.883627953,2025-01-22
R02461,L00463,4100000.0,2024-12-23
R02462,L01713,4900000.0,2023-09-16
R02463,L01713,4900000.0,2025-03-26
R02464,L00512,3500000.0,2025-04-01
R02465,L00175,1400000.0,2023-09-01
R02466,L00175,1400000.0,2024-10-25
R02467,L00175,1400000.0,2025-01-01
R02468,L00654,4675000.0,2023-11-26
R02469,L00654,4675000.0,2024-05-12
R02470,L00654,4675000.0,2024-11-25
R02471,L00654,4675000.0,2025-01-29
R02472,L01529,16500000.0,2023-10-04
R02473,L00291,4633333.333333333,2023-08-17
R02474,L00291,4633333.333333333,2023-11-14
R02475,L00291,4633333.333333333,2024-06-29
R02476,L01510,2850000.0,2024-04-07
R02477,L01510,2850000.0,2025-01-31
R02478,L01977,4400000.0,2024-02-18
R02479,L00547,13700000.0,2025-02-12
R02480,L00660,966666.6666666666,2024-08-01
R02481,L00660,966666.6666666666,2024-09-19
R02482,L00660,966666.6666666666,2024-11-23
R02483,L01613,1400000.0,2023-07-11
R02484,L01613,1400000.0,2023-10-03
R02485,L01613,1400000.0,2024-11-13
R02486,L01613,1400000.0,2024-11-30
R02487,L00282,4025000.0,2023-06-05
R02488,L00282,4025000.0,2024-03-29
R02489,L00282,4025000.0,2024-10-06
R02490,L00282,4025000.0,2025-02-14
R02491,L01383,2266666.6666666665,2023-08-10
R02492,L01383,2266666.6666666665,2023-09-21
R02493,L01383,2266666.6666666665,2025-03-01
R02494,L00285,309539.28739783895,2024-05-04
R02495,L00285,309539.28739783895,2024-06-01
R02496,L00285,309539.28739783895,2024-09-09
R02497,L00285,309539.28739783895,2025-05-20
R02498,L01717,7514786.398659326,2023-08-08
R02499,L01738,7300000.0,2023-07-20
R02500,L01738,7300000.0,2023-12-22
